{
  "itemid": "minecraft:fireworks",
  "displayname": "§9Alert Flare",
  "nbttag": "{ench:[],HideFlags:254,display:{Lore:[0:\"§6Ability: Deploy  §e§lRIGHT CLICK\",1:\"§7Shoot the flare up in the sky\",2:\"§7for §a3m §7buffing up to §b8\",3:\"§b§7players within §a40 §7blocks.\",4:\"§8Mana Cost: §3300\",5:\"\",6:\"§9Flare Buff: §9Alert Flare\",7:\"§7Grants §b+50% §7base mana regen§7.\",8:\"§7§7Gain §4+20♨ Vitality§7, which\",9:\"§7increases your incoming healing.\",10:\"§7Gain §f+20❂ True Defense§7.\",11:\"§7Gain §c+10⫽ Ferocity§7.\",12:\"\",13:\"§8Only one deployable buff applies.\",14:\"\",15:\"§7§4☠ §cRequires §5Blaze Slayer 6§c.\",16:\"§9§lRARE DEPLOYABLE\"],Name:\"§9Alert Flare\"},ExtraAttributes:{id:\"ALERT_FLARE\"}}",
  "damage": 0,
  "lore": [
    "§6Ability: Deploy  §e§lRIGHT CLICK",
    "§7Shoot the flare up in the sky",
    "§7for §a3m §7buffing up to §b8",
    "§b§7players within §a40 §7blocks.",
    "§8Mana Cost: §3300",
    "",
    "§9Flare Buff: §9Alert Flare",
    "§7Grants §b+50% §7base mana regen§7.",
    "§7§7Gain §4+20♨ Vitality§7, which",
    "§7increases your incoming healing.",
    "§7Gain §f+20❂ True Defense§7.",
    "§7Gain §c+10⫽ Ferocity§7.",
    "",
    "§8Only one deployable buff applies.",
    "",
    "§7§4☠ §cRequires §5Blaze Slayer 6§c.",
    "§9§lRARE DEPLOYABLE"
  ],
  "recipe": {
    "A1": "",
    "A2": "ENCHANTED_SULPHUR:32",
    "A3": "INFERNO_VERTEX:8",
    "B1": "",
    "B2": "MOLTEN_POWDER:64",
    "B3": "",
    "C1": "INFERNO_VERTEX:8",
    "C2": "WARNING_FLARE:1",
    "C3": ""
  },
  "internalname": "ALERT_FLARE",
  "clickcommand": "viewrecipe",
  "slayer_req": "BLAZE_6",
  "modver": "",
  "infoType": "WIKI_URL",
  "crafttext": "",
  "info": [
    "https://hypixel-skyblock.fandom.com/wiki/Alert_Flare",
    "https://wiki.hypixel.net/Alert_Flare"
  ]
}