{
  "AMBER_MATERIAL": {
    "internalName": "AMBER_MATERIAL",
    "reforgeName": "Ambered",
    "reforgeType": "blacksmith/reforge_stone",
    "itemTypes": "PICKAXE",
    "requiredRarities": [
      "COMMON",
      "UNCOMMON",
      "RARE",
      "EPIC",
      "LEGENDARY",
      "MYTHIC",
      "DIVINE"
    ],
    "reforgeAbility": {
      "COMMON": "§7Increases your chances of finding §7§6Golden Goblins §7and §bDiamond Goblins §b§7while mining by §a+10%§7.",
      "UNCOMMON": "§7Increases your chances of finding §7§6Golden Goblins §7and §bDiamond Goblins §b§7while mining by §a+15%§7.",
      "RARE": "§7Increases your chances of finding §7§6Golden Goblins §7and §bDiamond Goblins §b§7while mining by §a+20%§7.",
      "EPIC": "§7Increases your chances of finding §7§6Golden Goblins §7and §bDiamond Goblins §b§7while mining by §a+25%§7.",
      "LEGENDARY": "§7Increases your chances of finding §7§6Golden Goblins §7and §bDiamond Goblins §b§7while mining by §a+30%§7.",
      "MYTHIC": "§7Increases your chances of finding §7§6Golden Goblins §7and §bDiamond Goblins §b§7while mining by §a+40%§7.",
      "DIVINE": "§7Increases your chances of finding §7§6Golden Goblins §7and §bDiamond Goblins §b§7while mining by §a+50%§7."
    },
    "reforgeCosts": {
      "COMMON": 20000,
      "UNCOMMON": 40000,
      "RARE": 80000,
      "EPIC": 150000,
      "LEGENDARY": 300000,
      "MYTHIC": 600000,
      "DIVINE": 800000
    },
    "reforgeStats": {
      "COMMON": {
        "mining_speed": 25
      },
      "UNCOMMON": {
        "mining_speed": 35
      },
      "RARE": {
        "mining_speed": 50
      },
      "EPIC": {
        "mining_speed": 75
      },
      "LEGENDARY": {
        "mining_speed": 100
      },
      "MYTHIC": {
        "mining_speed": 150
      },
      "DIVINE": {
        "mining_speed": 200
      }
    }
  },
  "BEADY_EYES": {
    "internalName": "BEADY_EYES",
    "reforgeName": "Beady",
    "reforgeType": "blacksmith/reforge_stone",
    "itemTypes": "VACUUM",
    "requiredRarities": [
      "COMMON",
      "UNCOMMON",
      "RARE",
      "EPIC",
      "LEGENDARY",
      "MYTHIC"
    ],
    "reforgeCosts": {
      "COMMON": 10000,
      "UNCOMMON": 20000,
      "RARE": 50000,
      "EPIC": 75000,
      "LEGENDARY": 100000,
      "MYTHIC": 150000
    },
    "reforgeAbility": "§7§6Pests §7drop §a+3 §7crops.",
    "reforgeStats": {
      "COMMON": {
        "intelligence": 10,
        "damage": 5
      },
      "UNCOMMON": {
        "intelligence": 20,
        "damage": 10
      },
      "RARE": {
        "intelligence": 30,
        "damage": 15
      },
      "EPIC": {
        "intelligence": 40,
        "damage": 20
      },
      "LEGENDARY": {
        "intelligence": 50,
        "damage": 25
      },
      "MYTHIC": {
        "intelligence": 60,
        "damage": 30
      }
    }
  },
  "BLESSED_FRUIT": {
    "internalName": "BLESSED_FRUIT",
    "reforgeName": "Blessed",
    "reforgeType": "blacksmith/reforge_stone",
    "itemTypes": "AXE/HOE",
    "requiredRarities": [
      "COMMON",
      "UNCOMMON",
      "RARE",
      "EPIC",
      "LEGENDARY",
      "MYTHIC"
    ],
    "reforgeCosts": {
      "COMMON": 10000,
      "UNCOMMON": 10000,
      "RARE": 10000,
      "EPIC": 10000,
      "LEGENDARY": 10000,
      "MYTHIC": 10000
    },
    "reforgeAbility": {
      "COMMON": "Grants §6+5☘ Farming Fortune §7and §3+1☯ Farming Wisdom§7.",
      "UNCOMMON": "Grants §6+7☘ Farming Fortune §7and §3+2☯ Farming Wisdom§7.",
      "RARE": "Grants §6+9☘ Farming Fortune §7and §3+3☯ Farming Wisdom§7.",
      "EPIC": "Grants §6+13☘ Farming Fortune §7and §3+4☯ Farming Wisdom§7.",
      "LEGENDARY": "Grants §6+16☘ Farming Fortune §7and §3+5☯ Farming Wisdom§7.",
      "MYTHIC": "Grants §6+20☘ Farming Fortune §7and §3+6☯ Farming Wisdom§7."
    },
    "reforgeStats": {
      "COMMON": {
        "speed": 5,
        "farming_fortune": 5,
        "farming_wisdom": 1
      },
      "UNCOMMON": {
        "speed": 7,
        "farming_fortune": 7,
        "farming_wisdom": 2
      },
      "RARE": {
        "speed": 9,
        "farming_fortune": 9,
        "farming_wisdom": 3
      },
      "EPIC": {
        "speed": 13,
        "farming_fortune": 13,
        "farming_wisdom": 4
      },
      "LEGENDARY": {
        "speed": 16,
        "farming_fortune": 16,
        "farming_wisdom": 5
      },
      "MYTHIC": {
        "speed": 20,
        "farming_fortune": 20,
        "farming_wisdom": 6
      }
    }
  },
  "BULKY_STONE": {
    "internalName": "BULKY_STONE",
    "reforgeName": "Bulky",
    "reforgeType": "blacksmith/reforge_stone",
    "itemTypes": "SWORD",
    "requiredRarities": [
      "COMMON",
      "UNCOMMON",
      "RARE",
      "EPIC",
      "LEGENDARY",
      "MYTHIC"
    ],
    "reforgeCosts": {
      "COMMON": 20000,
      "UNCOMMON": 40000,
      "RARE": 80000,
      "EPIC": 150000,
      "LEGENDARY": 300000,
      "MYTHIC": 600000
    },
    "reforgeStats": {
      "COMMON": {
        "health": 4,
        "defense": 2
      },
      "UNCOMMON": {
        "health": 6,
        "defense": 3
      },
      "RARE": {
        "health": 9,
        "defense": 5
      },
      "EPIC": {
        "health": 12,
        "defense": 8
      },
      "LEGENDARY": {
        "health": 15,
        "defense": 13
      },
      "MYTHIC": {
        "health": 20,
        "defense": 21
      }
    }
  },
  "BURROWING_SPORES": {
    "internalName": "BURROWING_SPORES",
    "reforgeName": "Rooted",
    "reforgeType": "blacksmith/reforge_stone",
    "itemTypes": "EQUIPMENT",
    "requiredRarities": [
      "COMMON",
      "UNCOMMON",
      "RARE",
      "EPIC",
      "LEGENDARY",
      "MYTHIC"
    ],
    "reforgeCosts": {
      "COMMON": 20000,
      "UNCOMMON": 40000,
      "RARE": 80000,
      "EPIC": 150000,
      "LEGENDARY": 300000,
      "MYTHIC": 600000
    },
    "reforgeStats": {
      "COMMON": {
        "health": 2,
        "farming_fortune": 6
      },
      "UNCOMMON": {
        "health": 5,
        "farming_fortune": 9
      },
      "RARE": {
        "health": 8,
        "farming_fortune": 12
      },
      "EPIC": {
        "health": 11,
        "farming_fortune": 15
      },
      "LEGENDARY": {
        "health": 14,
        "farming_fortune": 18
      },
      "MYTHIC": {
        "health": 17,
        "farming_fortune": 21
      }
    }
  },
  "BLAZE_WAX": {
    "internalName": "BLAZE_WAX",
    "reforgeName": "Waxed",
    "reforgeType": "blacksmith/reforge_stone",
    "itemTypes": "EQUIPMENT",
    "requiredRarities": [
      "COMMON",
      "UNCOMMON",
      "RARE",
      "EPIC",
      "LEGENDARY",
      "MYTHIC",
      "DIVINE"
    ],
    "reforgeCosts": {
      "COMMON": 7500,
      "UNCOMMON": 15000,
      "RARE": 30000,
      "EPIC": 75000,
      "LEGENDARY": 150000,
      "MYTHIC": 300000,
      "DIVINE": 400000
    },
    "reforgeStats": {
      "COMMON": {
        "health": 5,
        "crit_chance": 2
      },
      "UNCOMMON": {
        "health": 6,
        "crit_chance": 3
      },
      "RARE": {
        "health": 8,
        "crit_chance": 4
      },
      "EPIC": {
        "health": 10,
        "crit_chance": 5
      },
      "LEGENDARY": {
        "health": 12,
        "crit_chance": 6
      },
      "MYTHIC": {
        "health": 15,
        "crit_chance": 7
      },
      "DIVINE": {
        "health": 20,
        "crit_chance": 8
      }
    }
  },
  "BLAZEN_SPHERE": {
    "internalName": "BLAZEN_SPHERE",
    "reforgeName": "Blazing",
    "reforgeType": "blacksmith/reforge_stone",
    "itemTypes": "EQUIPMENT",
    "requiredRarities": [
      "COMMON",
      "UNCOMMON",
      "RARE",
      "EPIC",
      "LEGENDARY",
      "MYTHIC",
      "DIVINE"
    ],
    "reforgeCosts": {
      "COMMON": 20000,
      "UNCOMMON": 40000,
      "RARE": 80000,
      "EPIC": 150000,
      "LEGENDARY": 300000,
      "MYTHIC": 300000,
      "DIVINE": 300000
    },
    "reforgeAbility": "§7For every §c§c1§c♨ Heat §7you have, gain a §7§a+0.05% §7chance to dig up §9Worms§7.",
    "reforgeStats": {
      "COMMON": {
        "mining_fortune": 3,
        "heat_resistance": 1
      },
      "UNCOMMON": {
        "mining_fortune": 4,
        "heat_resistance": 1
      },
      "RARE": {
        "mining_fortune": 5,
        "heat_resistance": 2
      },
      "EPIC": {
        "mining_fortune": 6,
        "heat_resistance": 2
      },
      "LEGENDARY": {
        "mining_fortune": 7,
        "heat_resistance": 3
      },
      "MYTHIC": {
        "mining_fortune": 7,
        "heat_resistance": 3
      },
      "DIVINE": {
        "mining_fortune": 8,
        "heat_resistance": 3
      }
    }
  },
  "BOO_STONE": {
    "internalName": "BOO_STONE",
    "reforgeName": "Greater Spook",
    "reforgeType": "blacksmith/reforge_stone",
    "itemTypes": {
      "internalName": [
        "GREAT_SPOOK_HELMET",
        "GREAT_SPOOK_CHESTPLATE",
        "GREAT_SPOOK_LEGGINGS",
        "GREAT_SPOOK_BOOTS",
        "GREAT_SPOOK_BELT",
        "GREAT_SPOOK_CLOAK",
        "GREAT_SPOOK_NECKLACE",
        "GREAT_SPOOK_GLOVES"
      ]
    },
    "requiredRarities": [
      "EPIC",
      "LEGENDARY"
    ],
    "reforgeCosts": {
      "EPIC": 10000,
      "LEGENDARY": 10000
    },
    "reforgeAbility": "Grants §a+1 §5Fear§7."
  },
  "CANDY_CORN": {
    "internalName": "CANDY_CORN",
    "reforgeName": "Candied",
    "reforgeType": "blacksmith/reforge_stone",
    "itemTypes": "ARMOR",
    "requiredRarities": [
      "COMMON",
      "UNCOMMON",
      "RARE",
      "EPIC",
      "LEGENDARY",
      "MYTHIC"
    ],
    "reforgeCosts": {
      "COMMON": 20000,
      "UNCOMMON": 40000,
      "RARE": 80000,
      "EPIC": 150000,
      "LEGENDARY": 300000,
      "MYTHIC": 600000
    },
    "reforgeAbility": "Increases the chance to find §7candy during the §6Spooky §6Festival §7by §a+1%§7.",
    "reforgeStats": {
      "COMMON": {
        "health": 1,
        "defense": 1
      },
      "UNCOMMON": {
        "health": 2,
        "defense": 1
      },
      "RARE": {
        "health": 4,
        "defense": 2
      },
      "EPIC": {
        "health": 6,
        "defense": 3
      },
      "LEGENDARY": {
        "health": 8,
        "defense": 4
      },
      "MYTHIC": {
        "health": 10,
        "defense": 5
      }
    }
  },
  "CLIPPED_WINGS": {
    "internalName": "CLIPPED_WINGS",
    "reforgeName": "Buzzing",
    "reforgeType": "blacksmith/reforge_stone",
    "itemTypes": "VACUUM",
    "requiredRarities": [
      "COMMON",
      "UNCOMMON",
      "RARE",
      "EPIC",
      "LEGENDARY",
      "MYTHIC"
    ],
    "reforgeCosts": {
      "COMMON": 10000,
      "UNCOMMON": 20000,
      "RARE": 50000,
      "EPIC": 75000,
      "LEGENDARY": 100000,
      "MYTHIC": 150000
    },
    "reforgeAbility": "Doubles the §c❁ Damage §7dealt §7by §aVacuums§7.",
    "reforgeStats": {
      "COMMON": {
        "speed": 3
      },
      "UNCOMMON": {
        "speed": 4
      },
      "RARE": {
        "speed": 5
      },
      "EPIC": {
        "speed": 7
      },
      "LEGENDARY": {
        "speed": 10
      },
      "MYTHIC": {
        "speed": 15
      }
    }
  },
  "DEEP_SEA_ORB": {
    "internalName": "DEEP_SEA_ORB",
    "reforgeName": "Submerged",
    "reforgeType": "blacksmith/reforge_stone",
    "itemTypes": "ARMOR",
    "requiredRarities": [
      "COMMON",
      "UNCOMMON",
      "RARE",
      "EPIC",
      "LEGENDARY",
      "MYTHIC"
    ],
    "reforgeCosts": {
      "COMMON": 50000,
      "UNCOMMON": 150000,
      "RARE": 350000,
      "EPIC": 600000,
      "LEGENDARY": 750000,
      "MYTHIC": 800000
    },
    "reforgeStats": {
      "COMMON": {
        "crit_chance": 2,
        "sea_creature_chance": 0.5,
        "fishing_speed": 1
      },
      "UNCOMMON": {
        "crit_chance": 4,
        "sea_creature_chance": 0.6,
        "fishing_speed": 1
      },
      "RARE": {
        "crit_chance": 6,
        "sea_creature_chance": 0.7,
        "fishing_speed": 2
      },
      "EPIC": {
        "crit_chance": 8,
        "sea_creature_chance": 0.8,
        "fishing_speed": 3
      },
      "LEGENDARY": {
        "crit_chance": 10,
        "sea_creature_chance": 0.9,
        "fishing_speed": 4
      },
      "MYTHIC": {
        "crit_chance": 12,
        "sea_creature_chance": 1,
        "fishing_speed": 5
      }
    }
  },
  "DIAMONITE": {
    "internalName": "DIAMONITE",
    "reforgeName": "Fleet",
    "reforgeType": "blacksmith/reforge_stone",
    "itemTypes": "PICKAXE",
    "requiredRarities": [
      "COMMON",
      "UNCOMMON",
      "RARE",
      "EPIC",
      "LEGENDARY",
      "MYTHIC",
      "DIVINE"
    ],
    "reforgeAbility": {
      "COMMON": "§7Grants §e+50▚ Mining Spread §7on §7non-ore blocks.",
      "UNCOMMON": "§7Grants §e+60▚ Mining Spread §7on §7non-ore blocks.",
      "RARE": "§7Grants §e+70▚ Mining Spread §7on §7non-ore blocks.",
      "EPIC": "§7Grants §e+85▚ Mining Spread §7on §7non-ore blocks.",
      "LEGENDARY": "§7Grants §e+100▚ Mining Spread §7on §7non-ore blocks.",
      "MYTHIC": "§7Grants §e+125▚ Mining Spread §7on §7non-ore blocks.",
      "DIVINE": "§7Grants §e+150▚ Mining Spread §7on §7non-ore blocks."
    },
    "reforgeCosts": {
      "COMMON": 15000,
      "UNCOMMON": 30000,
      "RARE": 60000,
      "EPIC": 125000,
      "LEGENDARY": 250000,
      "MYTHIC": 500000,
      "DIVINE": 500000
    },
    "reforgeStats": {
      "COMMON": {
        "mining_speed": 10,
        "block_fortune": 25
      },
      "UNCOMMON": {
        "mining_speed": 20,
        "block_fortune": 30
      },
      "RARE": {
        "mining_speed": 30,
        "block_fortune": 35
      },
      "EPIC": {
        "mining_speed": 40,
        "block_fortune": 45
      },
      "LEGENDARY": {
        "mining_speed": 50,
        "block_fortune": 55
      },
      "MYTHIC": {
        "mining_speed": 75,
        "block_fortune": 65
      },
      "DIVINE": {
        "mining_speed": 100,
        "block_fortune": 75
      }
    }
  },
  "DIRT_BOTTLE": {
    "internalName": "DIRT_BOTTLE",
    "reforgeName": "Dirty",
    "reforgeType": "blacksmith/reforge_stone",
    "itemTypes": "SWORD/ROD",
    "requiredRarities": [
      "COMMON",
      "UNCOMMON",
      "RARE",
      "EPIC",
      "LEGENDARY",
      "MYTHIC"
    ],
    "reforgeCosts": {
      "COMMON": 1000,
      "UNCOMMON": 5000,
      "RARE": 10000,
      "EPIC": 15000,
      "LEGENDARY": 50000,
      "MYTHIC": 75000
    },
    "reforgeStats": {
      "COMMON": {
        "strength": 2,
        "ferocity": 2,
        "bonus_attack_speed": 2
      },
      "UNCOMMON": {
        "strength": 4,
        "ferocity": 3,
        "bonus_attack_speed": 3
      },
      "RARE": {
        "strength": 6,
        "ferocity": 6,
        "bonus_attack_speed": 5
      },
      "EPIC": {
        "strength": 10,
        "ferocity": 9,
        "bonus_attack_speed": 10
      },
      "LEGENDARY": {
        "strength": 12,
        "ferocity": 12,
        "bonus_attack_speed": 15
      },
      "MYTHIC": {
        "strength": 15,
        "ferocity": 15,
        "bonus_attack_speed": 20
      }
    }
  },
  "DRAGON_CLAW": {
    "internalName": "DRAGON_CLAW",
    "reforgeName": "Fabled",
    "reforgeType": "blacksmith/reforge_stone",
    "itemTypes": "SWORD",
    "requiredRarities": [
      "COMMON",
      "UNCOMMON",
      "RARE",
      "EPIC",
      "LEGENDARY",
      "MYTHIC"
    ],
    "reforgeCosts": {
      "COMMON": 60000,
      "UNCOMMON": 125000,
      "RARE": 250000,
      "EPIC": 500000,
      "LEGENDARY": 1000000,
      "MYTHIC": 2000000
    },
    "reforgeAbility": "Critical hits have a chance to deal up to §a15% §7extra damage.",
    "reforgeStats": {
      "COMMON": {
        "strength": 30,
        "crit_damage": 15
      },
      "UNCOMMON": {
        "strength": 35,
        "crit_damage": 20
      },
      "RARE": {
        "strength": 40,
        "crit_damage": 25
      },
      "EPIC": {
        "strength": 50,
        "crit_damage": 32
      },
      "LEGENDARY": {
        "strength": 60,
        "crit_damage": 40
      },
      "MYTHIC": {
        "strength": 75,
        "crit_damage": 50
      }
    }
  },
  "DRAGON_HORN": {
    "internalName": "DRAGON_HORN",
    "reforgeName": "Renowned",
    "reforgeType": "blacksmith/reforge_stone",
    "itemTypes": "ARMOR",
    "requiredRarities": [
      "COMMON",
      "UNCOMMON",
      "RARE",
      "EPIC",
      "LEGENDARY",
      "MYTHIC"
    ],
    "reforgeCosts": {
      "COMMON": 60000,
      "UNCOMMON": 125000,
      "RARE": 250000,
      "EPIC": 500000,
      "LEGENDARY": 1000000,
      "MYTHIC": 2000000
    },
    "reforgeAbility": "Increases most stats by §a1%",
    "reforgeStats": {
      "COMMON": {
        "strength": 3,
        "crit_chance": 2,
        "crit_damage": 3,
        "bonus_attack_speed": 1,
        "health": 2,
        "defense": 2,
        "speed": 1,
        "intelligence": 3
      },
      "UNCOMMON": {
        "strength": 4,
        "crit_chance": 4,
        "crit_damage": 4,
        "bonus_attack_speed": 1,
        "health": 3,
        "defense": 3,
        "speed": 1,
        "intelligence": 4
      },
      "RARE": {
        "strength": 6,
        "crit_chance": 6,
        "crit_damage": 6,
        "bonus_attack_speed": 2,
        "health": 4,
        "defense": 4,
        "speed": 1,
        "intelligence": 6
      },
      "EPIC": {
        "strength": 8,
        "crit_chance": 8,
        "crit_damage": 8,
        "bonus_attack_speed": 3,
        "health": 6,
        "defense": 6,
        "speed": 1,
        "intelligence": 8
      },
      "LEGENDARY": {
        "strength": 10,
        "crit_chance": 10,
        "crit_damage": 10,
        "bonus_attack_speed": 4,
        "health": 8,
        "defense": 8,
        "speed": 1,
        "intelligence": 10
      },
      "MYTHIC": {
        "strength": 12,
        "crit_chance": 12,
        "crit_damage": 12,
        "bonus_attack_speed": 5,
        "health": 10,
        "defense": 10,
        "speed": 1,
        "intelligence": 12
      }
    }
  },
  "DRAGON_SCALE": {
    "internalName": "DRAGON_SCALE",
    "reforgeName": "Spiked",
    "reforgeType": "blacksmith/reforge_stone",
    "itemTypes": "ARMOR",
    "requiredRarities": [
      "COMMON",
      "UNCOMMON",
      "RARE",
      "EPIC",
      "LEGENDARY",
      "MYTHIC"
    ],
    "reforgeCosts": {
      "COMMON": 30000,
      "UNCOMMON": 75000,
      "RARE": 150000,
      "EPIC": 300000,
      "LEGENDARY": 600000,
      "MYTHIC": 2000000
    },
    "reforgeStats": {
      "COMMON": {
        "strength": 3,
        "crit_chance": 2,
        "crit_damage": 3,
        "bonus_attack_speed": 1,
        "health": 2,
        "defense": 2,
        "speed": 1,
        "intelligence": 3
      },
      "UNCOMMON": {
        "strength": 4,
        "crit_chance": 4,
        "crit_damage": 4,
        "bonus_attack_speed": 1,
        "health": 3,
        "defense": 3,
        "speed": 1,
        "intelligence": 4
      },
      "RARE": {
        "strength": 4,
        "crit_chance": 6,
        "crit_damage": 6,
        "bonus_attack_speed": 2,
        "health": 4,
        "defense": 4,
        "speed": 1,
        "intelligence": 6
      },
      "EPIC": {
        "strength": 8,
        "crit_chance": 8,
        "crit_damage": 8,
        "bonus_attack_speed": 3,
        "health": 6,
        "defense": 6,
        "speed": 1,
        "intelligence": 8
      },
      "LEGENDARY": {
        "strength": 10,
        "crit_chance": 10,
        "crit_damage": 10,
        "bonus_attack_speed": 4,
        "health": 8,
        "defense": 8,
        "speed": 1,
        "intelligence": 10
      },
      "MYTHIC": {
        "strength": 12,
        "crit_chance": 12,
        "crit_damage": 12,
        "bonus_attack_speed": 5,
        "health": 10,
        "defense": 10,
        "speed": 1,
        "intelligence": 12
      }
    }
  },
  "DIAMOND_ATOM": {
    "internalName": "DIAMOND_ATOM",
    "reforgeName": "Perfect",
    "reforgeType": "blacksmith/reforge_stone",
    "itemTypes": "ARMOR",
    "requiredRarities": [
      "COMMON",
      "UNCOMMON",
      "RARE",
      "EPIC",
      "LEGENDARY",
      "MYTHIC"
    ],
    "reforgeCosts": {
      "COMMON": 25000,
      "UNCOMMON": 50000,
      "RARE": 150000,
      "EPIC": 300000,
      "LEGENDARY": 600000,
      "MYTHIC": 800000
    },
    "reforgeAbility": "Increases §a❈ Defense §7by §a+2%",
    "reforgeStats": {
      "COMMON": {
        "defense": 25
      },
      "UNCOMMON": {
        "defense": 35
      },
      "RARE": {
        "defense": 50
      },
      "EPIC": {
        "defense": 65
      },
      "LEGENDARY": {
        "defense": 80
      },
      "MYTHIC": {
        "defense": 110
      }
    }
  },
  "DWARVEN_TREASURE": {
    "internalName": "DWARVEN_TREASURE",
    "reforgeName": "Royal",
    "reforgeType": "blacksmith/reforge_stone",
    "itemTypes": "EQUIPMENT",
    "requiredRarities": [
      "COMMON",
      "UNCOMMON",
      "RARE",
      "EPIC",
      "LEGENDARY",
      "MYTHIC",
      "DIVINE"
    ],
    "reforgeCosts": {
      "COMMON": 5000,
      "UNCOMMON": 10000,
      "RARE": 20000,
      "EPIC": 50000,
      "LEGENDARY": 100000,
      "MYTHIC": 100000,
      "DIVINE": 100000
    },
    "reforgeAbility": "§7Earn §2+5% ᠅ Mithril Powder §7from §7§bMining Events §7in the §2Dwarven Mines§7.",
    "reforgeStats": {
      "COMMON": {
        "mining_speed": 4,
        "mining_fortune": 1
      },
      "UNCOMMON": {
        "mining_speed": 6,
        "mining_fortune": 1
      },
      "RARE": {
        "mining_speed": 8,
        "mining_fortune": 2
      },
      "EPIC": {
        "mining_speed": 10,
        "mining_fortune": 2
      },
      "LEGENDARY": {
        "mining_speed": 14,
        "mining_fortune": 3
      },
      "MYTHIC": {
        "mining_speed": 18,
        "mining_fortune": 3
      },
      "DIVINE": {
        "mining_speed": 18,
        "mining_fortune": 3
      }
    }
  },
  "ENDSTONE_GEODE": {
    "internalName": "ENDSTONE_GEODE",
    "reforgeName": "Hyper",
    "reforgeType": "blacksmith/reforge_stone",
    "itemTypes": "ARMOR",
    "requiredRarities": [
      "COMMON",
      "UNCOMMON",
      "RARE",
      "EPIC",
      "LEGENDARY",
      "MYTHIC"
    ],
    "reforgeCosts": {
      "COMMON": 5000,
      "UNCOMMON": 10000,
      "RARE": 20000,
      "EPIC": 50000,
      "LEGENDARY": 100000,
      "MYTHIC": 200000
    },
    "reforgeAbility": {
      "COMMON": "Gain §a+1 §f✦ Speed §7for §a5s",
      "UNCOMMON": "Gain §a+2 §f✦ Speed §7for §a5s",
      "RARE": "Gain §a+3 §f✦ Speed §7for §a5s",
      "EPIC": "Gain §a+4 §f✦ Speed §7for §a5s",
      "LEGENDARY": "Gain §a+5 §f✦ Speed §7for §a5s",
      "MYTHIC": "Gain §a+6 §f✦ Speed §7for §a5s"
    },
    "reforgeStats": {
      "COMMON": {
        "strength": 2,
        "bonus_attack_speed": 2,
        "speed": 1
      },
      "UNCOMMON": {
        "strength": 4,
        "bonus_attack_speed": 3,
        "speed": 1
      },
      "RARE": {
        "strength": 6,
        "bonus_attack_speed": 4,
        "speed": 2
      },
      "EPIC": {
        "strength": 7,
        "bonus_attack_speed": 5,
        "speed": 2
      },
      "LEGENDARY": {
        "strength": 10,
        "bonus_attack_speed": 6,
        "speed": 3
      },
      "MYTHIC": {
        "strength": 12,
        "bonus_attack_speed": 7,
        "speed": 5
      }
    }
  },
  "ENTROPY_SUPPRESSOR": {
    "internalName": "ENTROPY_SUPPRESSOR",
    "reforgeName": "Coldfused",
    "reforgeType": "blacksmith/reforge_stone",
    "itemTypes": {
      "internalName": [
        "FIREDUST_DAGGER",
        "KINDLEBANE_DAGGER",
        "MAWDREDGE_DAGGER",
        "PYROCHAOS_DAGGER",
        "TWILIGHT_DAGGER",
        "DEATHRIPPER_DAGGER"
      ]
    },
    "requiredRarities": [
      "COMMON",
      "UNCOMMON",
      "RARE",
      "EPIC",
      "LEGENDARY",
      "MYTHIC"
    ],
    "reforgeCosts": {
      "COMMON": 60000,
      "UNCOMMON": 125000,
      "RARE": 250000,
      "EPIC": 500000,
      "LEGENDARY": 1000000,
      "MYTHIC": 2000000
    },
    "reforgeAbility": "§8Only if Wisp is equipped §c+75❁ Strength §9+55☠ Crit Damage §7Deal §62x §7to fire pillars, breaking one §7grants §f+30❂ True Defense §7and §c+1.15x §cdamage §7for §a60s§7.",
    "reforgeStats": {
      "COMMON": {
        "magic_find": 2,
        "strength": 15,
        "crit_damage": 20
      },
      "UNCOMMON": {
        "magic_find": 2,
        "strength": 20,
        "crit_damage": 30
      },
      "RARE": {
        "magic_find": 2,
        "strength": 25,
        "crit_damage": 40
      },
      "EPIC": {
        "magic_find": 2,
        "strength": 35,
        "crit_damage": 50
      },
      "LEGENDARY": {
        "magic_find": 2,
        "strength": 45,
        "crit_damage": 60
      },
      "MYTHIC": {
        "magic_find": 2,
        "strength": 55,
        "crit_damage": 75
      }
    }
  },
  "FLOWERING_BOUQUET": {
    "internalName": "FLOWERING_BOUQUET",
    "reforgeName": "Blooming",
    "reforgeType": "blacksmith/reforge_stone",
    "itemTypes": "EQUIPMENT",
    "requiredRarities": [
      "COMMON",
      "UNCOMMON",
      "RARE",
      "EPIC",
      "LEGENDARY",
      "MYTHIC"
    ],
    "reforgeCosts": {
      "COMMON": 5000,
      "UNCOMMON": 10000,
      "RARE": 20000,
      "EPIC": 50000,
      "LEGENDARY": 100000,
      "MYTHIC": 200000
    },
    "reforgeStats": {
      "COMMON": {
        "speed": 4,
        "farming_fortune": 1
      },
      "UNCOMMON": {
        "speed": 4,
        "farming_fortune": 2
      },
      "RARE": {
        "speed": 5,
        "farming_fortune": 3
      },
      "EPIC": {
        "speed": 5,
        "farming_fortune": 4
      },
      "LEGENDARY": {
        "speed": 6,
        "farming_fortune": 5
      },
      "MYTHIC": {
        "speed": 6,
        "farming_fortune": 6
      }
    }
  },
  "FRIGID_HUSK": {
    "internalName": "FRIGID_HUSK",
    "reforgeName": "Glacial",
    "reforgeType": "blacksmith/reforge_stone",
    "itemTypes": "PICKAXE",
    "requiredRarities": [
      "COMMON",
      "UNCOMMON",
      "RARE",
      "EPIC",
      "LEGENDARY",
      "MYTHIC",
      "DIVINE"
    ],
    "reforgeCosts": {
      "COMMON": 20000,
      "UNCOMMON": 40000,
      "RARE": 80000,
      "EPIC": 150000,
      "LEGENDARY": 300000,
      "MYTHIC": 600000,
      "DIVINE": 800000
    },
    "reforgeAbility": {
      "COMMON": "§7Grants §6+0.5☘ Mining Fortune §7for §7every §b1❄ Cold §7you have.",
      "UNCOMMON": "§7Grants §6+0.7☘ Mining Fortune §7for §7every §b1❄ Cold §7you have.",
      "RARE": "§7Grants §6+0.9☘ Mining Fortune §7for §7every §b1❄ Cold §7you have.",
      "EPIC": "§7Grants §6+1.1☘ Mining Fortune §7for §7every §b1❄ Cold §7you have.",
      "LEGENDARY": "§7Grants §6+1.4☘ Mining Fortune §7for §7every §b1❄ Cold §7you have.",
      "MYTHIC": "§7Grants §6+1.7☘ Mining Fortune §7for §7every §b1❄ Cold §7you have.",
      "DIVINE": "§7Grants §6+2☘ Mining Fortune §7for §7every §b1❄ Cold §7you have."
    },
    "reforgeStats": {
      "COMMON": {
        "mining_speed": 3
      },
      "UNCOMMON": {
        "mining_speed": 6
      },
      "RARE": {
        "mining_speed": 9
      },
      "EPIC": {
        "mining_speed": 13
      },
      "LEGENDARY": {
        "mining_speed": 16
      },
      "MYTHIC": {
        "mining_speed": 20
      },
      "DIVINE": {
        "mining_speed": 25
      }
    }
  },
  "FROZEN_BAUBLE": {
    "internalName": "FROZEN_BAUBLE",
    "reforgeName": "Festive",
    "reforgeType": "blacksmith/reforge_stone",
    "itemTypes": "ARMOR",
    "requiredRarities": [
      "COMMON",
      "UNCOMMON",
      "RARE",
      "EPIC",
      "LEGENDARY",
      "MYTHIC"
    ],
    "reforgeCosts": {
      "COMMON": 25000,
      "UNCOMMON": 75000,
      "RARE": 150000,
      "EPIC": 250000,
      "LEGENDARY": 400000,
      "MYTHIC": 600000
    },
    "reforgeStats": {
      "COMMON": {
        "intelligence": 5,
        "sea_creature_chance": 0.05,
        "fishing_speed": 2
      },
      "UNCOMMON": {
        "intelligence": 10,
        "sea_creature_chance": 0.05,
        "fishing_speed": 3
      },
      "RARE": {
        "intelligence": 15,
        "sea_creature_chance": 0.1,
        "fishing_speed": 4
      },
      "EPIC": {
        "intelligence": 20,
        "sea_creature_chance": 0.15,
        "fishing_speed": 6
      },
      "LEGENDARY": {
        "intelligence": 25,
        "sea_creature_chance": 0.2,
        "fishing_speed": 8
      },
      "MYTHIC": {
        "intelligence": 30,
        "sea_creature_chance": 0.25,
        "fishing_speed": 10
      }
    }
  },
  "FULL_JAW_FANGING_KIT": {
    "internalName": "FULL_JAW_FANGING_KIT",
    "reforgeName": "Fanged",
    "reforgeType": "blacksmith/reforge_stone",
    "itemTypes": {
      "itemId": [
        "minecraft:iron_sword"
      ]
    },
    "requiredRarities": [
      "COMMON",
      "UNCOMMON",
      "RARE",
      "EPIC",
      "LEGENDARY",
      "MYTHIC"
    ],
    "reforgeCosts": {
      "COMMON": 10000,
      "UNCOMMON": 12500,
      "RARE": 25000,
      "EPIC": 50000,
      "LEGENDARY": 100000,
      "MYTHIC": 250000
    },
    "reforgeAbility": "Every §c7th§7 melee hit on an enemy deals §c+100%§7 damage.",
    "reforgeStats": {
      "COMMON": {
        "strength": 30,
        "bonus_attack_speed": 2,
        "crit_chance": 3,
        "vitality": 2
      },
      "UNCOMMON": {
        "strength": 35,
        "bonus_attack_speed": 3,
        "crit_chance": 4,
        "vitality": 3
      },
      "RARE": {
        "strength": 40,
        "bonus_attack_speed": 4,
        "crit_chance": 5,
        "vitality": 4
      },
      "EPIC": {
        "strength": 50,
        "bonus_attack_speed": 6,
        "crit_chance": 7,
        "vitality": 6
      },
      "LEGENDARY": {
        "strength": 60,
        "bonus_attack_speed": 9,
        "crit_chance": 8,
        "vitality": 8
      },
      "MYTHIC": {
        "strength": 65,
        "bonus_attack_speed": 10,
        "crit_chance": 10,
        "vitality": 10
      }
    }
  },
  "GIANT_TOOTH": {
    "internalName": "GIANT_TOOTH",
    "reforgeName": "Giant",
    "reforgeType": "blacksmith/reforge_stone",
    "itemTypes": "ARMOR",
    "requiredRarities": [
      "COMMON",
      "UNCOMMON",
      "RARE",
      "EPIC",
      "LEGENDARY",
      "MYTHIC"
    ],
    "reforgeCosts": {
      "COMMON": 60000,
      "UNCOMMON": 125000,
      "RARE": 250000,
      "EPIC": 500000,
      "LEGENDARY": 1000000,
      "MYTHIC": 2000000
    },
    "reforgeStats": {
      "COMMON": {
        "health": 50
      },
      "UNCOMMON": {
        "health": 60
      },
      "RARE": {
        "health": 80
      },
      "EPIC": {
        "health": 120
      },
      "LEGENDARY": {
        "health": 180
      },
      "MYTHIC": {
        "health": 240
      }
    }
  },
  "GLEAMING_CRYSTAL": {
    "internalName": "GLEAMING_CRYSTAL",
    "reforgeName": "Lustrous",
    "reforgeType": "blacksmith/reforge_stone",
    "itemTypes": "PICKAXE",
    "requiredRarities": [
      "COMMON",
      "UNCOMMON",
      "RARE",
      "EPIC",
      "LEGENDARY",
      "MYTHIC",
      "DIVINE"
    ],
    "reforgeCosts": {
      "COMMON": 20000,
      "UNCOMMON": 40000,
      "RARE": 80000,
      "EPIC": 150000,
      "LEGENDARY": 300000,
      "MYTHIC": 600000,
      "DIVINE": 800000
    },
    "reforgeAbility": {
      "COMMON": "§7Grants §e+5▚ Mining Spread §7during §7§6Mining Fiesta§7.",
      "UNCOMMON": "§7Grants §e+10▚ Mining Spread §7during §7§6Mining Fiesta§7.",
      "RARE": "§7Grants §e+15▚ Mining Spread §7during §7§6Mining Fiesta§7.",
      "EPIC": "§7Grants §e+20▚ Mining Spread §7during §7§6Mining Fiesta§7.",
      "LEGENDARY": "§7Grants §e+25▚ Mining Spread §7during §7§6Mining Fiesta§7.",
      "MYTHIC": "§7Grants §e+30▚ Mining Spread §7during §7§6Mining Fiesta§7.",
      "DIVINE": "§7Grants §e+35▚ Mining Spread §7during §7§6Mining Fiesta§7."
    },
    "reforgeStats": {
      "COMMON": {
        "mining_speed": 10,
        "mining_fortune": 10
      },
      "UNCOMMON": {
        "mining_speed": 20,
        "mining_fortune": 20
      },
      "RARE": {
        "mining_speed": 30,
        "mining_fortune": 30
      },
      "EPIC": {
        "mining_speed": 40,
        "mining_fortune": 40
      },
      "LEGENDARY": {
        "mining_speed": 50,
        "mining_fortune": 50
      },
      "MYTHIC": {
        "mining_speed": 60,
        "mining_fortune": 60
      },
      "DIVINE": {
        "mining_speed": 75,
        "mining_fortune": 75
      }
    }
  },
  "GOLDEN_BALL": {
    "internalName": "GOLDEN_BALL",
    "reforgeName": "Bountiful",
    "reforgeType": "blacksmith/reforge_stone",
    "itemTypes": "HOE",
    "requiredRarities": [
      "COMMON",
      "UNCOMMON",
      "RARE",
      "EPIC",
      "LEGENDARY",
      "MYTHIC"
    ],
    "reforgeCosts": {
      "COMMON": 20000,
      "UNCOMMON": 40000,
      "RARE": 80000,
      "EPIC": 150000,
      "LEGENDARY": 300000,
      "MYTHIC": 600000
    },
    "reforgeAbility": {
      "COMMON": "§7Grants §a+1 §6☘ Farming §6Fortune§7, which increases your chance for multiple crops. Grants §6+0.2 coins §7per crop.",
      "UNCOMMON": "§7Grants §a+2 §6☘ Farming §6Fortune§7, which increases your chance for multiple crops. Grants §6+0.2 coins §7per crop.",
      "RARE": "§7Grants §a+3 §6☘ Farming §6Fortune§7, which increases your chance for multiple crops. Grants §6+0.2 coins §7per crop.",
      "EPIC": "§7Grants §a+5 §6☘ Farming §6Fortune§7, which increases your chance for multiple crops. Grants §6+0.2 coins §7per crop.",
      "LEGENDARY": "§7Grants §a+7 §6☘ Farming §6Fortune§7, which increases your chance for multiple crops. Grants §6+0.2 coins §7per crop.",
      "MYTHIC": "§7Grants §a+10 §6☘ Farming §6Fortune§7, which increases your chance for multiple crops. Grants §6+0.2 coins §7per crop."
    },
    "reforgeStats": {
      "COMMON": {
        "speed": 1,
        "farming_fortune": 1
      },
      "UNCOMMON": {
        "speed": 2,
        "farming_fortune": 2
      },
      "RARE": {
        "speed": 3,
        "farming_fortune": 3
      },
      "EPIC": {
        "speed": 5,
        "farming_fortune": 5
      },
      "LEGENDARY": {
        "speed": 8,
        "farming_fortune": 7
      },
      "MYTHIC": {
        "speed": 13,
        "farming_fortune": 10
      }
    }
  },
  "HARDENED_WOOD": {
    "internalName": "HARDENED_WOOD",
    "reforgeName": "Stiff",
    "reforgeType": "blacksmith/reforge_stone",
    "itemTypes": "ROD",
    "requiredRarities": [
      "COMMON",
      "UNCOMMON",
      "RARE",
      "EPIC",
      "LEGENDARY",
      "MYTHIC"
    ],
    "reforgeCosts": {
      "COMMON": 4000,
      "UNCOMMON": 7500,
      "RARE": 15000,
      "EPIC": 40000,
      "LEGENDARY": 75000,
      "MYTHIC": 150000
    },
    "reforgeStats": {
      "COMMON": {
        "sea_creature_chance": 1,
        "strength": 2
      },
      "UNCOMMON": {
        "sea_creature_chance": 2,
        "strength": 4
      },
      "RARE": {
        "sea_creature_chance": 2,
        "strength": 6
      },
      "EPIC": {
        "sea_creature_chance": 3,
        "strength": 8
      },
      "LEGENDARY": {
        "sea_creature_chance": 5,
        "strength": 10
      },
      "MYTHIC": {
        "sea_creature_chance": 7,
        "strength": 12
      }
    }
  },
  "HOT_STUFF": {
    "internalName": "HOT_STUFF",
    "reforgeName": "Heated",
    "reforgeType": "blacksmith/reforge_stone",
    "itemTypes": "PICKAXE",
    "requiredRarities": [
      "COMMON",
      "UNCOMMON",
      "RARE",
      "EPIC",
      "LEGENDARY",
      "MYTHIC",
      "DIVINE"
    ],
    "reforgeAbility": {
      "COMMON": "§7Grants §6+0.3☘ Mining Fortune §7and §7§6+1⸕ Mining Speed §7per §c1♨ Heat §7you §7have.",
      "UNCOMMON": "§7Grants §6+0.4☘ Mining Fortune §7and §7§6+1.4⸕ Mining Speed §7per §c1♨ Heat §7you §7have.",
      "RARE": "§7Grants §6+0.5☘ Mining Fortune §7and §7§6+1.8⸕ Mining Speed §7per §c1♨ Heat §7you §7have.",
      "EPIC": "§7Grants §6+0.6☘ Mining Fortune §7and §7§6+2.2⸕ Mining Speed §7per §c1♨ Heat §7you §7have.",
      "LEGENDARY": "§7Grants §6+0.7☘ Mining Fortune §7and §7§6+2.8⸕ Mining Speed §7per §c1♨ Heat §7you §7have.",
      "MYTHIC": "§7Grants §6+0.8☘ Mining Fortune §7and §7§6+3.4⸕ Mining Speed §7per §c1♨ Heat §7you §7have.",
      "DIVINE": "§7Grants §6+1☘ Mining Fortune §7and §7§6+4⸕ Mining Speed §7per §c1♨ Heat §7you §7have."
    },
    "reforgeCosts": {
      "COMMON": 20000,
      "UNCOMMON": 40000,
      "RARE": 80000,
      "EPIC": 150000,
      "LEGENDARY": 300000,
      "MYTHIC": 600000,
      "DIVINE": 600000
    },
    "reforgeStats": {
      "COMMON": {
        "mining_speed": 5,
        "mining_fortune": 3
      },
      "UNCOMMON": {
        "mining_speed": 10,
        "mining_fortune": 6
      },
      "RARE": {
        "mining_speed": 15,
        "mining_fortune": 9
      },
      "EPIC": {
        "mining_speed": 25,
        "mining_fortune": 13
      },
      "LEGENDARY": {
        "mining_speed": 40,
        "mining_fortune": 16
      },
      "MYTHIC": {
        "mining_speed": 55,
        "mining_fortune": 20
      },
      "DIVINE": {
        "mining_speed": 70,
        "mining_fortune": 25
      }
    }
  },
  "JERRY_STONE": {
    "internalName": "JERRY_STONE",
    "reforgeName": "Jerry's",
    "reforgeType": "blacksmith/reforge_stone",
    "itemTypes": {
      "internalName": [
        "ASPECT_OF_THE_JERRY",
        "ASPECT_OF_THE_JERRY_SIGNATURE"
      ]
    },
    "requiredRarities": [
      "COMMON",
      "UNCOMMON",
      "RARE"
    ],
    "reforgeCosts": {
      "COMMON": 1,
      "UNCOMMON": 2,
      "RARE": 3
    },
    "reforgeStats": {
      "COMMON": {
        "strength": 25,
        "crit_chance": 10,
        "crit_damage": 50
      },
      "UNCOMMON": {
        "strength": 25,
        "crit_chance": 10,
        "crit_damage": 50
      },
      "RARE": {
        "strength": 25,
        "crit_chance": 10,
        "crit_damage": 50
      }
    }
  },
  "JADERALD": {
    "internalName": "JADERALD",
    "reforgeName": "Jaded",
    "reforgeType": "blacksmith/reforge_stone",
    "itemTypes": "ARMOR",
    "requiredRarities": [
      "COMMON",
      "UNCOMMON",
      "RARE",
      "EPIC",
      "LEGENDARY",
      "MYTHIC"
    ],
    "reforgeCosts": {
      "COMMON": 20000,
      "UNCOMMON": 40000,
      "RARE": 80000,
      "EPIC": 150000,
      "LEGENDARY": 300000,
      "MYTHIC": 600000
    },
    "reforgeStats": {
      "COMMON": {
        "mining_speed": 5,
        "mining_fortune": 5
      },
      "UNCOMMON": {
        "mining_speed": 12,
        "mining_fortune": 10
      },
      "RARE": {
        "mining_speed": 20,
        "mining_fortune": 15
      },
      "EPIC": {
        "mining_speed": 30,
        "mining_fortune": 20
      },
      "LEGENDARY": {
        "mining_speed": 45,
        "mining_fortune": 25
      },
      "MYTHIC": {
        "mining_speed": 60,
        "mining_fortune": 30
      }
    }
  },
  "KUUDRA_MANDIBLE": {
    "internalName": "KUUDRA_MANDIBLE",
    "reforgeName": "Chomp",
    "reforgeType": "blacksmith/reforge_stone",
    "itemTypes": "ROD",
    "requiredRarities": [
      "COMMON",
      "UNCOMMON",
      "RARE",
      "EPIC",
      "LEGENDARY",
      "MYTHIC"
    ],
    "reforgeCosts": {
      "COMMON": 20000,
      "UNCOMMON": 40000,
      "RARE": 80000,
      "EPIC": 150000,
      "LEGENDARY": 300000,
      "MYTHIC": 600000
    },
    "reforgeAbility": "§7Decreases the health of Lava Sea Creatures by §c1%§7 for each unique Lava Sea Creature you have killed with this rod in your inventory.",
    "reforgeStats": {
      "COMMON": {
        "strength": 5,
        "crit_chance": 5,
        "fishing_speed": 2
      },
      "UNCOMMON": {
        "strength": 10,
        "crit_chance": 10,
        "fishing_speed": 3
      },
      "RARE": {
        "strength": 17,
        "crit_chance": 17,
        "fishing_speed": 5
      },
      "EPIC": {
        "strength": 25,
        "crit_chance": 25,
        "fishing_speed": 7
      },
      "LEGENDARY": {
        "strength": 35,
        "crit_chance": 35,
        "fishing_speed": 9
      },
      "MYTHIC": {
        "strength": 50,
        "crit_chance": 50,
        "fishing_speed": 11
      }
    }
  },
  "LAPIS_CRYSTAL": {
    "internalName": "LAPIS_CRYSTAL",
    "reforgeName": "Magnetic",
    "reforgeType": "blacksmith/reforge_stone",
    "itemTypes": "PICKAXE",
    "requiredRarities": [
      "COMMON",
      "UNCOMMON",
      "RARE",
      "EPIC",
      "LEGENDARY",
      "MYTHIC",
      "DIVINE"
    ],
    "reforgeCosts": {
      "COMMON": 250,
      "UNCOMMON": 500,
      "RARE": 1000,
      "EPIC": 2500,
      "LEGENDARY": 5000,
      "MYTHIC": 10000,
      "DIVINE": 15000
    },
    "reforgeAbility": {
      "COMMON": "§7Earn §a+25% §7more Exp when mining.",
      "UNCOMMON": "§7Earn §a+35% §7more Exp when mining.",
      "RARE": "§7Earn §a+45% §7more Exp when mining.",
      "EPIC": "§7Earn §a+55% §7more Exp when mining.",
      "LEGENDARY": "§7Earn §a+65% §7more Exp when mining.",
      "MYTHIC": "§7Earn §a+80% §7more Exp when mining.",
      "DIVINE": "§7Earn §a+100% §7more Exp when mining."
    },
    "reforgeStats": {
      "COMMON": {
        "mining_speed": 10
      },
      "UNCOMMON": {
        "mining_speed": 20
      },
      "RARE": {
        "mining_speed": 30
      },
      "EPIC": {
        "mining_speed": 40
      },
      "LEGENDARY": {
        "mining_speed": 50
      },
      "DIVINE": {
        "mining_speed": 60
      }
    }
  },
  "LARGE_WALNUT": {
    "internalName": "LARGE_WALNUT",
    "reforgeName": "Earthly",
    "reforgeType": "blacksmith/reforge_stone",
    "itemTypes": "AXE",
    "requiredRarities": [
      "COMMON",
      "UNCOMMON",
      "RARE",
      "EPIC",
      "LEGENDARY",
      "MYTHIC"
    ],
    "reforgeCosts": {
      "COMMON": 5000,
      "UNCOMMON": 10000,
      "RARE": 20000,
      "EPIC": 50000,
      "LEGENDARY": 100000,
      "MYTHIC": 200000
    },
    "reforgeStats": {
      "COMMON": {
        "speed": 1,
        "farming_fortune": 1
      },
      "UNCOMMON": {
        "speed": 1,
        "farming_fortune": 4
      },
      "RARE": {
        "speed": 1,
        "farming_fortune": 6
      },
      "EPIC": {
        "speed": 1,
        "farming_fortune": 8
      },
      "LEGENDARY": {
        "speed": 1,
        "farming_fortune": 10
      },
      "MYTHIC": {
        "speed": 1,
        "farming_fortune": 12
      }
    }
  },
  "LUCKY_DICE": {
    "internalName": "LUCKY_DICE",
    "reforgeName": "Lucky",
    "reforgeType": "blacksmith/reforge_stone",
    "itemTypes": "ROD",
    "requiredRarities": [
      "COMMON",
      "UNCOMMON",
      "RARE",
      "EPIC",
      "LEGENDARY",
      "MYTHIC"
    ],
    "reforgeCosts": {
      "COMMON": 20000,
      "UNCOMMON": 40000,
      "RARE": 80000,
      "EPIC": 150000,
      "LEGENDARY": 300000,
      "MYTHIC": 600000
    },
    "reforgeStats": {
      "COMMON": {
        "sea_creature_chance": 1,
        "magic_find": 1
      },
      "UNCOMMON": {
        "sea_creature_chance": 2,
        "magic_find": 2
      },
      "RARE": {
        "sea_creature_chance": 2,
        "magic_find": 3
      },
      "EPIC": {
        "sea_creature_chance": 3,
        "magic_find": 4
      },
      "LEGENDARY": {
        "sea_creature_chance": 5,
        "magic_find": 5
      },
      "MYTHIC": {
        "sea_creature_chance": 7,
        "magic_find": 6
      }
    }
  },
  "MIDAS_JEWEL": {
    "internalName": "MIDAS_JEWEL",
    "reforgeName": "Gilded",
    "reforgeType": "blacksmith/reforge_stone",
    "itemTypes": {
      "internalName": [
        "MIDAS_SWORD",
        "MIDAS_STAFF",
        "STARRED_MIDAS_STAFF",
        "STARRED_MIDAS_SWORD"
      ]
    },
    "requiredRarities": [
      "LEGENDARY",
      "MYTHIC"
    ],
    "reforgeCosts": {
      "LEGENDARY": 5000000,
      "MYTHIC": 10000000
    },
    "reforgeAbility": "Upon killing an enemy you have a low chance to grant a random amount of coins to another player around you",
    "reforgeStats": {
      "LEGENDARY": {
        "damage": 75,
        "strength": 75,
        "ability_damage": 8
      },
      "MYTHIC": {
        "damage": 90,
        "strength": 90,
        "ability_damage": 10
      }
    }
  },
  "METEOR_SHARD": {
    "internalName": "METEOR_SHARD",
    "reforgeName": "Fortified",
    "reforgeType": "blacksmith/reforge_stone",
    "itemTypes": "EQUIPMENT",
    "requiredRarities": [
      "COMMON",
      "UNCOMMON",
      "RARE",
      "EPIC",
      "LEGENDARY",
      "MYTHIC",
      "DIVINE"
    ],
    "reforgeCosts": {
      "COMMON": 7500,
      "UNCOMMON": 15000,
      "RARE": 30000,
      "EPIC": 75000,
      "LEGENDARY": 150000,
      "MYTHIC": 300000,
      "DIVINE": 400000
    },
    "reforgeStats": {
      "COMMON": {
        "defense": 12
      },
      "UNCOMMON": {
        "defense": 14
      },
      "RARE": {
        "defense": 17
      },
      "EPIC": {
        "defense": 20
      },
      "LEGENDARY": {
        "defense": 25
      },
      "MYTHIC": {
        "defense": 30
      },
      "DIVINE": {
        "defense": 36
      }
    }
  },
  "MOIL_LOG": {
    "internalName": "MOIL_LOG",
    "reforgeName": "Moil",
    "reforgeType": "blacksmith/reforge_stone",
    "itemTypes": "AXE",
    "requiredRarities": [
      "COMMON",
      "UNCOMMON",
      "RARE",
      "EPIC",
      "LEGENDARY",
      "MYTHIC"
    ],
    "reforgeCosts": {
      "COMMON": 1000,
      "UNCOMMON": 5000,
      "RARE": 10000,
      "EPIC": 15000,
      "LEGENDARY": 50000,
      "MYTHIC": 75000
    },
    "reforgeAbility": {
      "COMMON": "Grants §3+1☯ Foraging Wisdom§7.",
      "UNCOMMON": "Grants §3+1☯ Foraging Wisdom§7.",
      "RARE": "Grants §3+2☯ Foraging Wisdom§7.",
      "EPIC": "Grants §3+2☯ Foraging Wisdom§7.",
      "LEGENDARY": "Grants §3+3☯ Foraging Wisdom§7.",
      "MYTHIC": "Grants §3+3☯ Foraging Wisdom§7."
    },
    "reforgeStats": {
      "COMMON": {
        "foraging_wisdom": 1
      },
      "UNCOMMON": {
        "foraging_wisdom": 1
      },
      "RARE": {
        "foraging_wisdom": 2
      },
      "EPIC": {
        "foraging_wisdom": 2
      },
      "LEGENDARY": {
        "foraging_wisdom": 3
      },
      "MYTHIC": {
        "foraging_wisdom": 3
      }
    }
  },
  "MOLTEN_CUBE": {
    "internalName": "MOLTEN_CUBE",
    "reforgeName": "Cubic",
    "reforgeType": "blacksmith/reforge_stone",
    "itemTypes": "ARMOR",
    "requiredRarities": [
      "COMMON",
      "UNCOMMON",
      "RARE",
      "EPIC",
      "LEGENDARY",
      "MYTHIC"
    ],
    "reforgeCosts": {
      "COMMON": 4000,
      "UNCOMMON": 7500,
      "RARE": 15000,
      "EPIC": 40000,
      "LEGENDARY": 75000,
      "MYTHIC": 150000
    },
    "reforgeAbility": "Decrease damage taken from Nether mobs by §a2%",
    "reforgeStats": {
      "COMMON": {
        "strength": 3,
        "health": 5
      },
      "UNCOMMON": {
        "strength": 5,
        "health": 7
      },
      "RARE": {
        "strength": 7,
        "health": 10
      },
      "EPIC": {
        "strength": 10,
        "health": 15
      },
      "LEGENDARY": {
        "strength": 12,
        "health": 20
      },
      "MYTHIC": {
        "strength": 15,
        "health": 25
      }
    }
  },
  "NECROMANCER_BROOCH": {
    "internalName": "NECROMANCER_BROOCH",
    "reforgeName": "Necrotic",
    "reforgeType": "blacksmith/reforge_stone",
    "itemTypes": "ARMOR",
    "requiredRarities": [
      "COMMON",
      "UNCOMMON",
      "RARE",
      "EPIC",
      "LEGENDARY",
      "MYTHIC"
    ],
    "reforgeCosts": {
      "COMMON": 20000,
      "UNCOMMON": 40000,
      "RARE": 80000,
      "EPIC": 150000,
      "LEGENDARY": 300000,
      "MYTHIC": 1000000
    },
    "reforgeStats": {
      "COMMON": {
        "intelligence": 30
      },
      "UNCOMMON": {
        "intelligence": 60
      },
      "RARE": {
        "intelligence": 90
      },
      "EPIC": {
        "intelligence": 120
      },
      "LEGENDARY": {
        "intelligence": 150
      },
      "MYTHIC": {
        "intelligence": 200
      }
    }
  },
  "ONYX": {
    "internalName": "ONYX",
    "reforgeName": "Fruitful",
    "reforgeType": "blacksmith/reforge_stone",
    "itemTypes": "PICKAXE",
    "requiredRarities": [
      "COMMON",
      "UNCOMMON",
      "RARE",
      "EPIC",
      "LEGENDARY",
      "MYTHIC",
      "DIVINE"
    ],
    "reforgeCosts": {
      "COMMON": 100,
      "UNCOMMON": 250,
      "RARE": 500,
      "EPIC": 1000,
      "LEGENDARY": 2500,
      "MYTHIC": 5000,
      "DIVINE": 10000
    },
    "reforgeAbility": {
      "COMMON": "§7Grants §a+25❈ Defense §7while on §bMining §bIslands§7.",
      "UNCOMMON": "§7Grants §a+30❈ Defense §7while on §bMining §bIslands§7.",
      "RARE": "§7Grants §a+35❈ Defense §7while on §bMining §bIslands§7.",
      "EPIC": "§7Grants §a+40❈ Defense §7while on §bMining §bIslands§7.",
      "LEGENDARY": "§7Grants §a+50❈ Defense §7while on §bMining §bIslands§7.",
      "MYTHIC": "§7Grants §a+60❈ Defense §7while on §bMining §bIslands§7.",
      "DIVINE": "§7Grants §a+70❈ Defense §7while on §bMining §bIslands§7."
    },
    "reforgeStats": {
      "COMMON": {
        "mining_speed": 5,
        "mining_fortune": 2
      },
      "UNCOMMON": {
        "mining_speed": 10,
        "mining_fortune": 4
      },
      "RARE": {
        "mining_speed": 15,
        "mining_fortune": 6
      },
      "EPIC": {
        "mining_speed": 25,
        "mining_fortune": 8
      },
      "LEGENDARY": {
        "mining_speed": 40,
        "mining_fortune": 10
      },
      "MYTHIC": {
        "mining_speed": 55,
        "mining_fortune": 12
      },
      "DIVINE": {
        "mining_speed": 70,
        "mining_fortune": 15
      }
    }
  },
  "OPTICAL_LENS": {
    "internalName": "OPTICAL_LENS",
    "reforgeName": "Precise",
    "reforgeType": "blacksmith/reforge_stone",
    "itemTypes": "BOW",
    "requiredRarities": [
      "COMMON",
      "UNCOMMON",
      "RARE",
      "EPIC",
      "LEGENDARY",
      "MYTHIC"
    ],
    "reforgeCosts": {
      "COMMON": 30000,
      "UNCOMMON": 75000,
      "RARE": 150000,
      "EPIC": 300000,
      "LEGENDARY": 600000,
      "MYTHIC": 1200000
    },
    "reforgeAbility": "Deal §a+10% §7extra damage when arrows hit the head of a mob.",
    "reforgeStats": {
      "COMMON": {
        "strength": 3,
        "crit_chance": 8,
        "crit_damage": 5
      },
      "UNCOMMON": {
        "strength": 7,
        "crit_chance": 9,
        "crit_damage": 10
      },
      "RARE": {
        "strength": 12,
        "crit_chance": 10,
        "crit_damage": 18
      },
      "EPIC": {
        "strength": 18,
        "crit_chance": 11,
        "crit_damage": 32
      },
      "LEGENDARY": {
        "strength": 25,
        "crit_chance": 13,
        "crit_damage": 50
      },
      "MYTHIC": {
        "strength": 34,
        "crit_chance": 15,
        "crit_damage": 70
      }
    }
  },
  "OVERGROWN_GRASS": {
    "internalName": "OVERGROWN_GRASS",
    "reforgeName": "Mossy",
    "reforgeType": "blacksmith/reforge_stone",
    "itemTypes": "ARMOR",
    "requiredRarities": [
      "COMMON",
      "UNCOMMON",
      "RARE",
      "EPIC",
      "LEGENDARY",
      "MYTHIC"
    ],
    "reforgeCosts": {
      "COMMON": 20000,
      "UNCOMMON": 40000,
      "RARE": 80000,
      "EPIC": 150000,
      "LEGENDARY": 300000,
      "MYTHIC": 600000
    },
    "reforgeStats": {
      "COMMON": {
        "speed": 3,
        "farming_fortune": 5
      },
      "UNCOMMON": {
        "speed": 3,
        "farming_fortune": 10
      },
      "RARE": {
        "speed": 5,
        "farming_fortune": 15
      },
      "EPIC": {
        "speed": 5,
        "farming_fortune": 20
      },
      "LEGENDARY": {
        "speed": 7,
        "farming_fortune": 25
      },
      "MYTHIC": {
        "speed": 7,
        "farming_fortune": 30
      }
    }
  },
  "PETRIFIED_STARFALL": {
    "internalName": "PETRIFIED_STARFALL",
    "reforgeName": "Stellar",
    "reforgeType": "blacksmith/reforge_stone",
    "itemTypes": "PICKAXE",
    "requiredRarities": [
      "COMMON",
      "UNCOMMON",
      "RARE",
      "EPIC",
      "LEGENDARY",
      "MYTHIC",
      "DIVINE"
    ],
    "reforgeCosts": {
      "COMMON": 25000,
      "UNCOMMON": 50000,
      "RARE": 100000,
      "EPIC": 200000,
      "LEGENDARY": 400000,
      "MYTHIC": 800000,
      "DIVINE": 800000
    },
    "reforgeAbility": {
      "COMMON": "§7Earn §2+8% Mithril Powder §7and §6+25☘ §6Mining Fortune §7when mining near a §7Fallen Star.",
      "UNCOMMON": "§7Earn §2+9% Mithril Powder §7and §6+30☘ §6Mining Fortune §7when mining near a §7Fallen Star.",
      "RARE": "§7Earn §2+10% Mithril Powder §7and §6+35☘ §6Mining Fortune §7when mining near a §7Fallen Star.",
      "EPIC": "§7Earn §2+12% Mithril Powder §7and §6+45☘ §6Mining Fortune §7when mining near a §7Fallen Star.",
      "LEGENDARY": "§7Earn §2+14% Mithril Powder §7and §6+55☘ §6Mining Fortune §7when mining near a §7Fallen Star.",
      "MYTHIC": "§7Earn §2+17% Mithril Powder §7and §6+65☘ §6Mining Fortune §7when mining near a §7Fallen Star.",
      "DIVINE": "§7Earn §2+20% Mithril Powder §7and §6+75☘ §6Mining Fortune §7when mining near a §7Fallen Star."
    },
    "reforgeStats": {
      "COMMON": {
        "mining_speed": 5,
        "mining_fortune": 5
      },
      "UNCOMMON": {
        "mining_speed": 10,
        "mining_fortune": 10
      },
      "RARE": {
        "mining_speed": 15,
        "mining_fortune": 15
      },
      "EPIC": {
        "mining_speed": 25,
        "mining_fortune": 20
      },
      "LEGENDARY": {
        "mining_speed": 40,
        "mining_fortune": 25
      },
      "MYTHIC": {
        "mining_speed": 55,
        "mining_fortune": 35
      },
      "DIVINE": {
        "mining_speed": 70,
        "mining_fortune": 50
      }
    }
  },
  "POCKET_ICEBERG": {
    "internalName": "POCKET_ICEBERG",
    "reforgeName": "Scraped",
    "reforgeType": "blacksmith/reforge_stone",
    "itemTypes": "PICKAXE",
    "requiredRarities": [
      "COMMON",
      "UNCOMMON",
      "RARE",
      "EPIC",
      "LEGENDARY",
      "MYTHIC",
      "DIVINE"
    ],
    "reforgeCosts": {
      "COMMON": 15000,
      "UNCOMMON": 30000,
      "RARE": 60000,
      "EPIC": 125000,
      "LEGENDARY": 250000,
      "MYTHIC": 500000,
      "DIVINE": 500000
    },
    "reforgeAbility": "§7Grants §6+25☘ Mining Fortune §7if the §7block you are mining has the same §2Ⓟ §2Breaking Power §7as this tool.",
    "reforgeStats": {
      "COMMON": {
        "breaking_power": 1,
        "mining_wisdom": 1
      },
      "UNCOMMON": {
        "breaking_power": 1,
        "mining_wisdom": 1
      },
      "RARE": {
        "breaking_power": 1,
        "mining_wisdom": 1
      },
      "EPIC": {
        "breaking_power": 1,
        "mining_wisdom": 2
      },
      "LEGENDARY": {
        "breaking_power": 1,
        "mining_wisdom": 2
      },
      "MYTHIC": {
        "breaking_power": 1,
        "mining_wisdom": 2
      },
      "DIVINE": {
        "breaking_power": 1,
        "mining_wisdom": 3
      }
    }
  },
  "PRECURSOR_GEAR": {
    "internalName": "PRECURSOR_GEAR",
    "reforgeName": "Ancient",
    "reforgeType": "blacksmith/reforge_stone",
    "itemTypes": "ARMOR",
    "requiredRarities": [
      "COMMON",
      "UNCOMMON",
      "RARE",
      "EPIC",
      "LEGENDARY",
      "MYTHIC"
    ],
    "reforgeCosts": {
      "COMMON": 10000,
      "UNCOMMON": 20000,
      "RARE": 30000,
      "EPIC": 40000,
      "LEGENDARY": 50000,
      "MYTHIC": 60000
    },
    "reforgeAbility": "Grants §a+1 §9☠ Crit Damage §7per §cCatacombs §7level.",
    "reforgeStats": {
      "COMMON": {
        "strength": 4,
        "crit_damage": 3,
        "health": 7,
        "defense": 7,
        "intelligence": 6
      },
      "UNCOMMON": {
        "strength": 8,
        "crit_chance": 5,
        "health": 7,
        "defense": 7,
        "intelligence": 9
      },
      "RARE": {
        "strength": 12,
        "crit_chance": 7,
        "health": 7,
        "defense": 7,
        "intelligence": 12
      },
      "EPIC": {
        "strength": 18,
        "crit_chance": 9,
        "health": 7,
        "defense": 7,
        "intelligence": 16
      },
      "LEGENDARY": {
        "strength": 25,
        "crit_chance": 12,
        "health": 7,
        "defense": 7,
        "intelligence": 20
      },
      "MYTHIC": {
        "strength": 35,
        "crit_chance": 15,
        "health": 7,
        "defense": 7,
        "intelligence": 25
      }
    }
  },
  "PREMIUM_FLESH": {
    "internalName": "PREMIUM_FLESH",
    "reforgeName": "Undead",
    "reforgeType": "blacksmith/reforge_stone",
    "itemTypes": "ARMOR",
    "requiredRarities": [
      "COMMON",
      "UNCOMMON",
      "RARE",
      "EPIC",
      "LEGENDARY",
      "MYTHIC"
    ],
    "reforgeCosts": {
      "COMMON": 5000,
      "UNCOMMON": 15000,
      "RARE": 30000,
      "EPIC": 75000,
      "LEGENDARY": 150000,
      "MYTHIC": 300000
    },
    "reforgeAbility": "Decreases damage taken from Zombie Pigmen, Zombies, Withers, and Skeletons by §a2%§7.",
    "reforgeStats": {
      "COMMON": {
        "strength": 1,
        "bonus_attack_speed": 1,
        "health": 8,
        "defense": 6
      },
      "UNCOMMON": {
        "strength": 2,
        "bonus_attack_speed": 2,
        "health": 8,
        "defense": 8
      },
      "RARE": {
        "strength": 2,
        "bonus_attack_speed": 3,
        "health": 12,
        "defense": 12
      },
      "EPIC": {
        "strength": 3,
        "bonus_attack_speed": 4,
        "health": 18,
        "defense": 18
      },
      "LEGENDARY": {
        "strength": 5,
        "bonus_attack_speed": 5,
        "health": 25,
        "defense": 25
      },
      "MYTHIC": {
        "strength": 7,
        "bonus_attack_speed": 6,
        "health": 33,
        "defense": 33
      }
    }
  },
  "PRESUMED_GALLON_OF_RED_PAINT": {
    "internalName": "PRESUMED_GALLON_OF_RED_PAINT",
    "reforgeName": "Blood-Soaked",
    "reforgeType": "blacksmith/reforge_stone",
    "itemTypes": "CLOAK",
    "requiredRarities": [
      "COMMON",
      "UNCOMMON",
      "RARE",
      "EPIC",
      "LEGENDARY",
      "MYTHIC"
    ],
    "reforgeCosts": {
      "COMMON": 7500,
      "UNCOMMON": 15000,
      "RARE": 30000,
      "EPIC": 75000,
      "LEGENDARY": 150000,
      "MYTHIC": 300000,
      "DIVINE": 400000
    },
    "reforgeAbility": "Heal §a1.15x§7 more from §9Vampirism§7 and §9Lifesteal.",
    "reforgeStats": {
      "COMMON": {
        "health": 6,
        "defense": 1,
        "vitality": 1
      },
      "UNCOMMON": {
        "health": 8,
        "defense": 2,
        "vitality": 1
      },
      "RARE": {
        "health": 8,
        "defense": 3,
        "vitality": 2
      },
      "EPIC": {
        "health": 9,
        "defense": 4,
        "vitality": 2
      },
      "LEGENDARY": {
        "health": 10,
        "defense": 5,
        "vitality": 3
      },
      "MYTHIC": {
        "health": 12,
        "defense": 6,
        "vitality": 3
      },
      "DIVINE": {
        "health": 14,
        "defense": 7,
        "vitality": 4
      }
    }
  },
  "PURE_MITHRIL": {
    "internalName": "PURE_MITHRIL",
    "reforgeName": "Mithraic",
    "reforgeType": "blacksmith/reforge_stone",
    "itemTypes": "PICKAXE",
    "requiredRarities": [
      "COMMON",
      "UNCOMMON",
      "RARE",
      "EPIC",
      "LEGENDARY",
      "MYTHIC",
      "DIVINE"
    ],
    "reforgeCosts": {
      "COMMON": 15000,
      "UNCOMMON": 30000,
      "RARE": 60000,
      "EPIC": 125000,
      "LEGENDARY": 250000,
      "MYTHIC": 500000,
      "DIVINE": 500000
    },
    "reforgeAbility": {
      "COMMON": "§7Grants §6+10☘ Mining Fortune §7when §7mining §2Mithril §7or §fTitanium§7.",
      "UNCOMMON": "§7Grants §6+15☘ Mining Fortune §7when §7mining §2Mithril §7or §fTitanium§7.",
      "RARE": "§7Grants §6+20☘ Mining Fortune §7when §7mining §2Mithril §7or §fTitanium§7.",
      "EPIC": "§7Grants §6+25☘ Mining Fortune §7when §7mining §2Mithril §7or §fTitanium§7.",
      "LEGENDARY": "§7Grants §6+30☘ Mining Fortune §7when §7mining §2Mithril §7or §fTitanium§7.",
      "MYTHIC": "§7Grants §6+40☘ Mining Fortune §7when §7mining §2Mithril §7or §fTitanium§7.",
      "DIVINE": "§7Grants §6+50☘ Mining Fortune §7when §7mining §2Mithril §7or §fTitanium§7."
    },
    "reforgeStats": {
      "COMMON": {
        "mining_fortune": 3
      },
      "UNCOMMON": {
        "mining_fortune": 6
      },
      "RARE": {
        "mining_fortune": 9
      },
      "EPIC": {
        "mining_fortune": 13
      },
      "LEGENDARY": {
        "mining_fortune": 16
      },
      "MYTHIC": {
        "mining_fortune": 20
      },
      "DIVINE": {
        "mining_fortune": 25
      }
    }
  },
  "PITCHIN_KOI": {
    "internalName": "PITCHIN_KOI",
    "reforgeName": "Pitchin'",
    "reforgeType": "blacksmith/reforge_stone",
    "itemTypes": "ROD",
    "requiredRarities": [
      "COMMON",
      "UNCOMMON",
      "RARE",
      "EPIC",
      "LEGENDARY",
      "MYTHIC"
    ],
    "reforgeCosts": {
      "COMMON": 5000,
      "UNCOMMON": 20000,
      "RARE": 40000,
      "EPIC": 80000,
      "LEGENDARY": 120000,
      "MYTHIC": 280000
    },
    "reforgeStats": {
      "COMMON": {
        "fishing_speed": 1,
        "sea_creature_chance": 1
      },
      "UNCOMMON": {
        "fishing_speed": 2,
        "sea_creature_chance": 1
      },
      "RARE": {
        "fishing_speed": 4,
        "sea_creature_chance": 2
      },
      "EPIC": {
        "fishing_speed": 6,
        "sea_creature_chance": 3
      },
      "LEGENDARY": {
        "fishing_speed": 8,
        "sea_creature_chance": 4
      },
      "MYTHIC": {
        "fishing_speed": 10,
        "sea_creature_chance": 5
      }
    }
  },
  "RARE_DIAMOND": {
    "internalName": "RARE_DIAMOND",
    "reforgeName": "Reinforced",
    "reforgeType": "blacksmith/reforge_stone",
    "itemTypes": "ARMOR",
    "requiredRarities": [
      "COMMON",
      "UNCOMMON",
      "RARE",
      "EPIC",
      "LEGENDARY",
      "MYTHIC"
    ],
    "reforgeCosts": {
      "COMMON": 2500,
      "UNCOMMON": 5000,
      "RARE": 10000,
      "EPIC": 25000,
      "LEGENDARY": 50000,
      "MYTHIC": 100000
    },
    "reforgeStats": {
      "COMMON": {
        "defense": 25
      },
      "UNCOMMON": {
        "defense": 35
      },
      "RARE": {
        "defense": 50
      },
      "EPIC": {
        "defense": 65
      },
      "LEGENDARY": {
        "defense": 80
      },
      "MYTHIC": {
        "defense": 110
      }
    }
  },
  "RED_NOSE": {
    "internalName": "RED_NOSE",
    "reforgeName": "Ridiculous",
    "reforgeType": "blacksmith/reforge_stone",
    "itemTypes": "HELMET",
    "requiredRarities": [
      "COMMON",
      "UNCOMMON",
      "RARE",
      "EPIC",
      "LEGENDARY",
      "MYTHIC"
    ],
    "reforgeCosts": {
      "COMMON": 7500,
      "UNCOMMON": 15000,
      "RARE": 30000,
      "EPIC": 75000,
      "LEGENDARY": 150000,
      "MYTHIC": 300000
    },
    "reforgeAbility": "Fart when you sneak. Reduces your §9☣ Crit Chance §7by §c20% §c§7for §a20s §7but grants §a+30 §a❈ Defense §7for §a5s §7and §7§b+50 §7mana. Requires at least §c20% §9☣ Crit Chance §7to activate.",
    "reforgeStats": {
      "COMMON": {
        "crit_chance": 1,
        "health": 10,
        "defense": 10
      },
      "UNCOMMON": {
        "crit_chance": 2,
        "health": 15,
        "defense": 15
      },
      "RARE": {
        "crit_chance": 3,
        "health": 20,
        "defense": 20
      },
      "EPIC": {
        "crit_chance": 4,
        "health": 25,
        "defense": 25
      },
      "LEGENDARY": {
        "crit_chance": 5,
        "health": 35,
        "defense": 35
      },
      "MYTHIC": {
        "crit_chance": 6,
        "health": 50,
        "defense": 50
      }
    }
  },
  "RED_SCARF": {
    "internalName": "RED_SCARF",
    "reforgeName": "Loving",
    "reforgeType": "blacksmith/reforge_stone",
    "itemTypes": "CHESTPLATE",
    "requiredRarities": [
      "COMMON",
      "UNCOMMON",
      "RARE",
      "EPIC",
      "LEGENDARY",
      "MYTHIC"
    ],
    "reforgeCosts": {
      "COMMON": 30000,
      "UNCOMMON": 75000,
      "RARE": 150000,
      "EPIC": 300000,
      "LEGENDARY": 600000,
      "MYTHIC": 1200000
    },
    "reforgeAbility": "Increases ability damage by §a+5%",
    "reforgeStats": {
      "COMMON": {
        "health": 4,
        "defense": 4,
        "intelligence": 20,
        "ability_damage": 5
      },
      "UNCOMMON": {
        "health": 5,
        "defense": 5,
        "intelligence": 40,
        "ability_damage": 5
      },
      "RARE": {
        "health": 6,
        "defense": 6,
        "intelligence": 60,
        "ability_damage": 5
      },
      "EPIC": {
        "health": 8,
        "defense": 7,
        "intelligence": 80,
        "ability_damage": 5
      },
      "LEGENDARY": {
        "health": 10,
        "defense": 10,
        "intelligence": 100,
        "ability_damage": 5
      },
      "MYTHIC": {
        "health": 14,
        "defense": 14,
        "intelligence": 120,
        "ability_damage": 5
      }
    }
  },
  "REFINED_AMBER": {
    "internalName": "REFINED_AMBER",
    "reforgeName": "Refined",
    "reforgeType": "blacksmith/reforge_stone",
    "itemTypes": "PICKAXE",
    "requiredRarities": [
      "COMMON",
      "UNCOMMON",
      "RARE",
      "EPIC",
      "LEGENDARY",
      "MYTHIC",
      "DIVINE"
    ],
    "reforgeCosts": {
      "COMMON": 10000,
      "UNCOMMON": 10000,
      "RARE": 10000,
      "EPIC": 10000,
      "MYTHIC": 10000,
      "LEGENDARY": 10000,
      "DIVINE": 10000
    },
    "reforgeAbility": {
      "COMMON": "§7Grants a §a0.1% §7chance to drop an §7enchanted item when mining §6Ores§7.",
      "UNCOMMON": "§7Grants a §a0.13% §7chance to drop an §7enchanted item when mining §6Ores§7.",
      "RARE": "§7Grants a §a0.16% §7chance to drop an §7enchanted item when mining §6Ores§7.",
      "EPIC": "§7Grants a §a0.19% §7chance to drop an §7enchanted item when mining §6Ores§7.",
      "LEGENDARY": "§7Grants a §a0.22% §7chance to drop an §7enchanted item when mining §6Ores§7.",
      "MYTHIC": "§7Grants a §a0.26% §7chance to drop an §7enchanted item when mining §6Ores§7.",
      "DIVINE": "§7Grants a §a0.3% §7chance to drop an §7enchanted item when mining §6Ores§7."
    },
    "reforgeStats": {
      "COMMON": {
        "mining_wisdom": 1
      },
      "UNCOMMON": {
        "mining_wisdom": 2
      },
      "RARE": {
        "mining_wisdom": 3
      },
      "EPIC": {
        "mining_wisdom": 4
      },
      "LEGENDARY": {
        "mining_wisdom": 5
      },
      "MYTHIC": {
        "mining_wisdom": 6
      },
      "DIVINE": {
        "mining_wisdom": 7
      },
      "SPECIAL": {
        "mining_wisdom": 8
      },
      "VERY SPECIAL": {
        "defense": 20,
        "mining_wisdom": 9
      }
    }
  },
  "ROCK_GEMSTONE": {
    "internalName": "ROCK_GEMSTONE",
    "reforgeName": "Auspicious",
    "reforgeType": "blacksmith/reforge_stone",
    "itemTypes": "PICKAXE",
    "requiredRarities": [
      "COMMON",
      "UNCOMMON",
      "RARE",
      "EPIC",
      "LEGENDARY",
      "MYTHIC",
      "DIVINE"
    ],
    "reforgeCosts": {
      "COMMON": 20000,
      "UNCOMMON": 40000,
      "RARE": 80000,
      "EPIC": 150000,
      "LEGENDARY": 300000,
      "MYTHIC": 600000,
      "DIVINE": 600000
    },
    "reforgeAbility": {
      "COMMON": "§7Grants §6+0.4% §6☘ Mining Fortune§7.",
      "UNCOMMON": "§7Grants §6+0.5% §6☘ Mining Fortune§7.",
      "RARE": "§7Grants §6+0.6% §6☘ Mining Fortune§7.",
      "EPIC": "§7Grants §6+0.7% §6☘ Mining Fortune§7.",
      "LEGENDARY": "§7Grants §6+0.8% §6☘ Mining Fortune§7.",
      "MYTHIC": "§7Grants §6+0.9% §6☘ Mining Fortune§7.",
      "DIVINE": "§7Grants §6+1% §6☘ Mining Fortune§7."
    },
    "reforgeStats": {
      "COMMON": {
        "mining_speed": 10,
        "mining_fortune": 3
      },
      "UNCOMMON": {
        "mining_speed": 20,
        "mining_fortune": 6
      },
      "RARE": {
        "mining_speed": 30,
        "mining_fortune": 9
      },
      "EPIC": {
        "mining_speed": 40,
        "mining_fortune": 13
      },
      "LEGENDARY": {
        "mining_speed": 50,
        "mining_fortune": 16
      },
      "MYTHIC": {
        "mining_speed": 75,
        "mining_fortune": 20
      },
      "DIVINE": {
        "mining_speed": 100,
        "mining_fortune": 25
      }
    }
  },
  "RUSTY_ANCHOR": {
    "internalName": "RUSTY_ANCHOR",
    "reforgeName": "Treacherous",
    "reforgeType": "blacksmith/reforge_stone",
    "itemTypes": "ROD",
    "requiredRarities": [
      "COMMON",
      "UNCOMMON",
      "RARE",
      "EPIC",
      "LEGENDARY",
      "MYTHIC"
    ],
    "reforgeCosts": {
      "COMMON": 5000,
      "UNCOMMON": 20000,
      "RARE": 40000,
      "EPIC": 80000,
      "LEGENDARY": 120000,
      "MYTHIC": 280000
    },
    "reforgeStats": {
      "COMMON": {
        "strength": 5,
        "sea_creature_chance": 1
      },
      "UNCOMMON": {
        "strength": 10,
        "sea_creature_chance": 2
      },
      "RARE": {
        "strength": 15,
        "sea_creature_chance": 2
      },
      "EPIC": {
        "strength": 20,
        "sea_creature_chance": 3
      },
      "LEGENDARY": {
        "strength": 25,
        "sea_creature_chance": 5
      },
      "MYTHIC": {
        "strength": 30,
        "sea_creature_chance": 7
      }
    }
  },
  "SADAN_BROOCH": {
    "internalName": "SADAN_BROOCH",
    "reforgeName": "Empowered",
    "reforgeType": "blacksmith/reforge_stone",
    "itemTypes": "ARMOR",
    "requiredRarities": [
      "COMMON",
      "UNCOMMON",
      "RARE",
      "EPIC",
      "LEGENDARY",
      "MYTHIC"
    ],
    "reforgeCosts": {
      "COMMON": 60000,
      "UNCOMMON": 125000,
      "RARE": 250000,
      "EPIC": 500000,
      "LEGENDARY": 1000000,
      "MYTHIC": 2000000
    },
    "reforgeAbility": "§7Grants §a+10☄ Mending §7while in Dungeons, which increases your healing on others..",
    "reforgeStats": {
      "COMMON": {
        "health": 10,
        "defense": 10
      },
      "UNCOMMON": {
        "health": 15,
        "defense": 15
      },
      "RARE": {
        "health": 20,
        "defense": 20
      },
      "EPIC": {
        "health": 25,
        "defense": 25
      },
      "LEGENDARY": {
        "health": 35,
        "defense": 35
      },
      "MYTHIC": {
        "health": 50,
        "defense": 50
      }
    }
  },
  "SALT_CUBE": {
    "internalName": "SALT_CUBE",
    "reforgeName": "Salty",
    "reforgeType": "blacksmith/reforge_stone",
    "itemTypes": "ROD",
    "requiredRarities": [
      "COMMON",
      "UNCOMMON",
      "RARE",
      "EPIC",
      "LEGENDARY",
      "MYTHIC"
    ],
    "reforgeCosts": {
      "COMMON": 2500,
      "UNCOMMON": 10000,
      "RARE": 20000,
      "EPIC": 40000,
      "LEGENDARY": 80000,
      "MYTHIC": 120000
    },
    "reforgeStats": {
      "COMMON": {
        "sea_creature_chance": 1
      },
      "UNCOMMON": {
        "sea_creature_chance": 2
      },
      "RARE": {
        "sea_creature_chance": 2
      },
      "EPIC": {
        "sea_creature_chance": 3
      },
      "LEGENDARY": {
        "sea_creature_chance": 5
      },
      "MYTHIC": {
        "sea_creature_chance": 7
      }
    }
  },
  "SKYMART_BROCHURE": {
    "internalName": "SKYMART_BROCHURE",
    "reforgeName": "Bustling",
    "reforgeType": "blacksmith/reforge_stone",
    "itemTypes": "ARMOR",
    "requiredRarities": [
      "COMMON",
      "UNCOMMON",
      "RARE",
      "EPIC",
      "LEGENDARY",
      "MYTHIC"
    ],
    "reforgeCosts": {
      "COMMON": 1000,
      "UNCOMMON": 2000,
      "RARE": 3000,
      "EPIC": 6000,
      "LEGENDARY": 10000,
      "MYTHIC": 15000
    },
    "reforgeStats": {
      "COMMON": {
        "farming_fortune": 1
      },
      "UNCOMMON": {
        "farming_fortune": 2
      },
      "RARE": {
        "farming_fortune": 4
      },
      "EPIC": {
        "farming_fortune": 6
      },
      "LEGENDARY": {
        "farming_fortune": 8
      },
      "MYTHIC": {
        "farming_fortune": 10
      }
    }
  },
  "SPIRIT_DECOY": {
    "internalName": "SPIRIT_DECOY",
    "reforgeName": "Spiritual",
    "reforgeType": "blacksmith/reforge_stone",
    "itemTypes": "BOW",
    "requiredRarities": [
      "COMMON",
      "UNCOMMON",
      "RARE",
      "EPIC",
      "LEGENDARY",
      "MYTHIC"
    ],
    "reforgeCosts": {
      "COMMON": 60000,
      "UNCOMMON": 125000,
      "RARE": 250000,
      "EPIC": 500000,
      "LEGENDARY": 1000000,
      "MYTHIC": 2000000
    },
    "reforgeAbility": "Grants a §a10% §7chance to spawn a Spirit Decoy when you kill a enemy in a dungeon.",
    "reforgeStats": {
      "COMMON": {
        "strength": 4,
        "crit_chance": 7,
        "crit_damage": 10
      },
      "UNCOMMON": {
        "strength": 8,
        "crit_chance": 8,
        "crit_damage": 15
      },
      "RARE": {
        "strength": 14,
        "crit_chance": 9,
        "crit_damage": 23
      },
      "EPIC": {
        "strength": 20,
        "crit_chance": 10,
        "crit_damage": 37
      },
      "LEGENDARY": {
        "strength": 28,
        "crit_chance": 12,
        "crit_damage": 55
      },
      "MYTHIC": {
        "strength": 38,
        "crit_chance": 14,
        "crit_damage": 75
      }
    }
  },
  "SUSPICIOUS_VIAL": {
    "internalName": "SUSPICIOUS_VIAL",
    "reforgeName": "Suspicious",
    "reforgeType": "blacksmith/reforge_stone",
    "itemTypes": "SWORD",
    "requiredRarities": [
      "COMMON",
      "UNCOMMON",
      "RARE",
      "EPIC",
      "LEGENDARY",
      "MYTHIC"
    ],
    "reforgeCosts": {
      "COMMON": 60000,
      "UNCOMMON": 125000,
      "RARE": 250000,
      "EPIC": 500000,
      "LEGENDARY": 1000000,
      "MYTHIC": 2000000
    },
    "reforgeAbility": "Increase weapon damage by §a+15",
    "reforgeStats": {
      "COMMON": {
        "crit_chance": 1,
        "crit_damage": 30,
        "damage": 15
      },
      "UNCOMMON": {
        "crit_chance": 2,
        "crit_damage": 40,
        "damage": 15
      },
      "RARE": {
        "crit_chance": 3,
        "crit_damage": 50,
        "damage": 15
      },
      "EPIC": {
        "crit_chance": 5,
        "crit_damage": 65,
        "damage": 15
      },
      "LEGENDARY": {
        "crit_chance": 7,
        "crit_damage": 85,
        "damage": 15
      },
      "MYTHIC": {
        "crit_chance": 10,
        "crit_damage": 110,
        "damage": 15
      }
    }
  },
  "SEARING_STONE": {
    "internalName": "SEARING_STONE",
    "reforgeName": "Strengthened",
    "reforgeType": "blacksmith/reforge_stone",
    "itemTypes": "EQUIPMENT",
    "requiredRarities": [
      "COMMON",
      "UNCOMMON",
      "RARE",
      "EPIC",
      "LEGENDARY",
      "MYTHIC",
      "DIVINE"
    ],
    "reforgeCosts": {
      "COMMON": 7500,
      "UNCOMMON": 15000,
      "RARE": 30000,
      "EPIC": 75000,
      "LEGENDARY": 150000,
      "MYTHIC": 300000,
      "DIVINE": 400000
    },
    "reforgeStats": {
      "COMMON": {
        "defense": 3,
        "strength": 2
      },
      "UNCOMMON": {
        "defense": 4,
        "strength": 3
      },
      "RARE": {
        "defense": 5,
        "strength": 4
      },
      "EPIC": {
        "defense": 6,
        "strength": 5
      },
      "LEGENDARY": {
        "defense": 8,
        "strength": 6
      },
      "MYTHIC": {
        "defense": 10,
        "strength": 7
      },
      "DIVINE": {
        "defense": 12,
        "strength": 8
      }
    }
  },
  "SHINY_PRISM": {
    "internalName": "SHINY_PRISM",
    "reforgeName": "Glistening",
    "reforgeType": "blacksmith/reforge_stone",
    "itemTypes": "EQUIPMENT",
    "requiredRarities": [
      "COMMON",
      "UNCOMMON",
      "RARE",
      "EPIC",
      "LEGENDARY",
      "MYTHIC",
      "DIVINE"
    ],
    "reforgeCosts": {
      "COMMON": 7500,
      "UNCOMMON": 15000,
      "RARE": 30000,
      "EPIC": 75000,
      "LEGENDARY": 150000,
      "MYTHIC": 300000,
      "DIVINE": 400000
    },
    "reforgeStats": {
      "COMMON": {
        "intelligence": 5,
        "mining_fortune": 2
      },
      "UNCOMMON": {
        "intelligence": 6,
        "mining_fortune": 3
      },
      "RARE": {
        "intelligence": 8,
        "mining_fortune": 4
      },
      "EPIC": {
        "intelligence": 10,
        "mining_fortune": 5
      },
      "LEGENDARY": {
        "intelligence": 12,
        "mining_fortune": 6
      },
      "MYTHIC": {
        "intelligence": 15,
        "mining_fortune": 7
      },
      "DIVINE": {
        "intelligence": 16,
        "mining_fortune": 8
      }
    }
  },
  "TERRY_SNOWGLOBE": {
    "internalName": "TERRY_SNOWGLOBE",
    "reforgeName": "Snowy",
    "reforgeType": "blacksmith/reforge_stone",
    "itemTypes": "EQUIPMENT",
    "requiredRarities": [
      "COMMON",
      "UNCOMMON",
      "RARE",
      "EPIC",
      "LEGENDARY",
      "MYTHIC"
    ],
    "reforgeCosts": {
      "COMMON": 10000,
      "UNCOMMON": 25000,
      "RARE": 50000,
      "EPIC": 100000,
      "LEGENDARY": 200000,
      "MYTHIC": 300000
    },
    "reforgeStats": {
      "COMMON": {
        "sea_creature_chance": 0.2,
        "fishing_speed": 0.5
      },
      "UNCOMMON": {
        "sea_creature_chance": 0.2,
        "fishing_speed": 1
      },
      "RARE": {
        "sea_creature_chance": 0.4,
        "fishing_speed": 1.5
      },
      "EPIC": {
        "sea_creature_chance": 0.6,
        "fishing_speed": 2
      },
      "LEGENDARY": {
        "sea_creature_chance": 0.8,
        "fishing_speed": 2.5
      },
      "MYTHIC": {
        "sea_creature_chance": 1,
        "fishing_speed": 3
      }
    }
  },
  "TITANIUM_TESSERACT": {
    "internalName": "TITANIUM_TESSERACT",
    "reforgeName": "Dimensional",
    "reforgeType": "blacksmith/reforge_stone",
    "itemTypes": "ARMOR",
    "requiredRarities": [
      "COMMON",
      "UNCOMMON",
      "RARE",
      "EPIC",
      "LEGENDARY",
      "MYTHIC",
      "DIVINE"
    ],
    "reforgeCosts": {
      "COMMON": 15000,
      "UNCOMMON": 30000,
      "RARE": 60000,
      "EPIC": 125000,
      "LEGENDARY": 250000,
      "MYTHIC": 500000,
      "DIVINE": 500000
    },
    "reforgeAbility": "§7§fTitanium Ore §7drops §2+10 Mithril §2Powder §7when mined.",
    "reforgeStats": {
      "COMMON": {
        "mining_speed": 10,
        "mining_wisdom": 1
      },
      "UNCOMMON": {
        "mining_speed": 15,
        "mining_wisdom": 1
      },
      "RARE": {
        "mining_speed": 20,
        "mining_wisdom": 1
      },
      "EPIC": {
        "mining_speed": 30,
        "mining_wisdom": 2
      },
      "LEGENDARY": {
        "mining_speed": 40,
        "mining_wisdom": 2
      },
      "MYTHIC": {
        "mining_speed": 50,
        "mining_wisdom": 3
      },
      "DIVINE": {
        "mining_speed": 50,
        "mining_wisdom": 3
      }
    }
  },
  "TOIL_LOG": {
    "internalName": "TOIL_LOG",
    "reforgeName": "Toil",
    "reforgeType": "blacksmith/reforge_stone",
    "itemTypes": "AXE",
    "requiredRarities": [
      "COMMON",
      "UNCOMMON",
      "RARE",
      "EPIC",
      "LEGENDARY",
      "MYTHIC"
    ],
    "reforgeCosts": {
      "COMMON": 10000,
      "UNCOMMON": 10000,
      "RARE": 10000,
      "EPIC": 10000,
      "LEGENDARY": 10000,
      "MYTHIC": 10000
    },
    "reforgeAbility": {
      "COMMON": "§7Grants §3+1☯ Foraging Wisdom§7.",
      "UNCOMMON": "§7Grants §3+2☯ Foraging Wisdom§7.",
      "RARE": "§7Grants §3+3☯ Foraging Wisdom§7.",
      "EPIC": "§7Grants §3+4☯ Foraging Wisdom§7.",
      "LEGENDARY": "§7Grants §3+5☯ Foraging Wisdom§7.",
      "MYTHIC": "§7Grants §3+6☯ Foraging Wisdom§7."
    },
    "reforgeStats": {
      "COMMON": {
        "strength": 5,
        "crit_damage": 5,
        "foraging_wisdom": 1
      },
      "UNCOMMON": {
        "strength": 7,
        "crit_damage": 7,
        "foraging_wisdom": 2
      },
      "RARE": {
        "strength": 10,
        "crit_damage": 10,
        "foraging_wisdom": 3
      },
      "EPIC": {
        "strength": 13,
        "crit_damage": 13,
        "foraging_wisdom": 4
      },
      "LEGENDARY": {
        "strength": 16,
        "crit_damage": 16,
        "foraging_wisdom": 5
      },
      "MYTHIC": {
        "strength": 20,
        "crit_damage": 20,
        "foraging_wisdom": 6
      }
    }
  },
  "AOTE_STONE": {
    "internalName": "AOTE_STONE",
    "reforgeName": "Warped",
    "reforgeType": "blacksmith/reforge_stone",
    "itemTypes": {
      "internalName": [
        "ASPECT_OF_THE_END",
        "ASPECT_OF_THE_VOID"
      ]
    },
    "requiredRarities": [
      "RARE",
      "EPIC",
      "LEGENDARY"
    ],
    "reforgeCosts": {
      "RARE": 5000000,
      "EPIC": 5000000,
      "LEGENDARY": 5000000
    },
    "reforgeStats": {
      "RARE": {
        "damage": 165,
        "strength": 165,
        "intelligence": 65
      },
      "EPIC": {
        "damage": 165,
        "strength": 165,
        "intelligence": 100
      },
      "LEGENDARY": {
        "damage": 165,
        "strength": 165,
        "intelligence": 150
      }
    }
  },
  "WITHER_BLOOD": {
    "internalName": "WITHER_BLOOD",
    "reforgeName": "Withered",
    "reforgeType": "blacksmith/reforge_stone",
    "itemTypes": "SWORD",
    "requiredRarities": [
      "COMMON",
      "UNCOMMON",
      "RARE",
      "EPIC",
      "LEGENDARY",
      "MYTHIC"
    ],
    "reforgeCosts": {
      "COMMON": 10000,
      "UNCOMMON": 20000,
      "RARE": 30000,
      "EPIC": 40000,
      "LEGENDARY": 50000,
      "MYTHIC": 60000
    },
    "reforgeAbility": "Grants §a+1 §c❁ Strength §7per §cCatacombs §7level.",
    "reforgeStats": {
      "COMMON": {
        "strength": 60
      },
      "UNCOMMON": {
        "strength": 75
      },
      "RARE": {
        "strength": 90
      },
      "EPIC": {
        "strength": 110
      },
      "LEGENDARY": {
        "strength": 135
      },
      "MYTHIC": {
        "strength": 170
      }
    }
  },
  "SALMON_OPAL": {
    "internalName": "SALMON_OPAL",
    "reforgeName": "Headstrong",
    "reforgeType": "blacksmith/reforge_stone",
    "itemTypes": "BOW",
    "requiredRarities": [
      "COMMON",
      "UNCOMMON",
      "RARE",
      "EPIC",
      "LEGENDARY",
      "MYTHIC"
    ],
    "reforgeCosts": {
      "COMMON": 15000,
      "UNCOMMON": 30000,
      "RARE": 60000,
      "EPIC": 125000,
      "LEGENDARY": 250000,
      "MYTHIC": 500000
    },
    "reforgeAbility": "§7Deal §a+8% §7extra damage when arrows hit the head of a mob.",
    "reforgeStats": {
      "COMMON": {
        "strength": 2,
        "crit_chance": 10,
        "crit_damage": 4
      },
      "UNCOMMON": {
        "strength": 5,
        "crit_chance": 11,
        "crit_damage": 8
      },
      "RARE": {
        "strength": 10,
        "crit_chance": 12,
        "crit_damage": 16
      },
      "EPIC": {
        "strength": 16,
        "crit_chance": 13,
        "crit_damage": 28
      },
      "LEGENDARY": {
        "strength": 23,
        "crit_chance": 15,
        "crit_damage": 42
      },
      "MYTHIC": {
        "strength": 33,
        "crit_chance": 17,
        "crit_damage": 60
      }
    }
  }
}