{
  "sacks": {
    "Agronomy": {
      "item": "LARGE_AGRONOMY_SACK",
      "contents": [
        "WHEAT",
        "HAY_BLOCK",
        "SEEDS",
        "CARROT_ITEM",
        "POTATO_ITEM",
        "PUMPKIN",
        "MELON",
        "INK_SACK-3",
        "SUGAR_CANE",
        "CACTUS",
        "INK_SACK-2",
        "BROWN_MUSHROOM",
        "RED_MUSHROOM",
        "NETHER_STALK",
        "CROPIE",
        "SQUASH",
        "COMPOST",
        "POISONOUS_POTATO",
        "GOLDEN_CARROT"
      ]
    },
    "Enchanted Agronomy": {
      "item": "LARGE_ENCHANTED_AGRONOMY_SACK",
      "contents": [
        "ENCHANTED_HAY_BLOCK",
        "TIGHTLY_TIED_HAY_BALE",
        "ENCHANTED_SEEDS",
        "BOX_OF_SEEDS",
        "ENCHANTED_CARROT",
        "ENCHANTED_GOLDEN_CARROT",
        "ENCHANTED_POTATO",
        "ENCHANTED_BAKED_POTATO",
        "ENCHANTED_PUMPKIN",
        "POLISHED_PUMPKIN",
        "ENCHANTED_MELON",
        "ENCHANTED_MELON_BLOCK",
        "ENCHANTED_COCOA",
        "ENCHANTED_COOKIE",
        "ENCHANTED_SUGAR",
        "ENCHANTED_SUGAR_CANE",
        "ENCHANTED_CACTUS_GREEN",
        "ENCHANTED_CACTUS",
        "ENCHANTED_HUGE_MUSHROOM_1",
        "ENCHANTED_BROWN_MUSHROOM",
        "ENCHANTED_HUGE_MUSHROOM_2",
        "ENCHANTED_RED_MUSHROOM",
        "ENCHANTED_NETHER_STALK",
        "MUTANT_NETHER_STALK",
        "ENCHANTED_BREAD",
        "ENCHANTED_POISONOUS_POTATO"
      ]
    },
    "Husbandry": {
      "item": "LARGE_HUSBANDRY_SACK",
      "contents": [
        "RAW_CHICKEN",
        "FEATHER",
        "EGG",
        "RAW_BEEF",
        "LEATHER",
        "PORK",
        "MUTTON",
        "WOOL",
        "RABBIT",
        "RABBIT_HIDE",
        "RABBIT_FOOT"
      ]
    },
    "Enchanted Husbandry": {
      "item": "LARGE_ENCHANTED_HUSBANDRY_SACK",
      "contents": [
        "ENCHANTED_RAW_CHICKEN",
        "ENCHANTED_FEATHER",
        "ENCHANTED_EGG",
        "SUPER_EGG",
        "ENCHANTED_RAW_BEEF",
        "ENCHANTED_LEATHER",
        "ENCHANTED_PORK",
        "ENCHANTED_GRILLED_PORK",
        "ENCHANTED_MUTTON",
        "ENCHANTED_WOOL",
        "ENCHANTED_COOKED_MUTTON",
        "ENCHANTED_RABBIT",
        "ENCHANTED_RABBIT_HIDE",
        "ENCHANTED_RABBIT_FOOT"
      ]
    },
    "Mining": {
      "item": "LARGE_MINING_SACK",
      "contents": [
        "COBBLESTONE",
        "STONE",
        "COAL",
        "IRON_INGOT",
        "GOLD_INGOT",
        "INK_SACK-4",
        "REDSTONE",
        "EMERALD",
        "DIAMOND",
        "ENDER_STONE",
        "OBSIDIAN",
        "GRAVEL",
        "FLINT",
        "SAND",
        "SAND-1",
        "NETHERRACK",
        "GLOWSTONE_DUST",
        "QUARTZ",
        "MYCEL",
        "MITHRIL_ORE",
        "TITANIUM_ORE",
        "HARD_STONE",
        "STARFALL",
        "TREASURITE",
        "OIL_BARREL",
        "VOLTA",
        "PLASMA",
        "REFINED_MINERAL",
        "GLACITE",
        "UMBER",
        "TUNGSTEN",
        "GLOSSY_GEMSTONE"
      ]
    },
    "Enchanted Mining": {
      "item": "LARGE_ENCHANTED_MINING_SACK",
      "contents": [
        "ENCHANTED_COBBLESTONE",
        "ENCHANTED_COAL",
        "ENCHANTED_COAL_BLOCK",
        "ENCHANTED_IRON",
        "ENCHANTED_IRON_BLOCK",
        "ENCHANTED_GOLD",
        "ENCHANTED_GOLD_BLOCK",
        "ENCHANTED_LAPIS_LAZULI",
        "ENCHANTED_LAPIS_LAZULI_BLOCK",
        "ENCHANTED_REDSTONE",
        "ENCHANTED_REDSTONE_BLOCK",
        "ENCHANTED_EMERALD",
        "ENCHANTED_EMERALD_BLOCK",
        "ENCHANTED_DIAMOND",
        "ENCHANTED_DIAMOND_BLOCK",
        "ENCHANTED_ENDSTONE",
        "ENCHANTED_OBSIDIAN",
        "ENCHANTED_FLINT",
        "ENCHANTED_SAND",
        "ENCHANTED_RED_SAND",
        "ENCHANTED_RED_SAND_CUBE",
        "ENCHANTED_NETHERRACK",
        "ENCHANTED_GLOWSTONE_DUST",
        "ENCHANTED_GLOWSTONE",
        "ENCHANTED_QUARTZ",
        "ENCHANTED_QUARTZ_BLOCK",
        "ENCHANTED_MYCELIUM",
        "ENCHANTED_MYCELIUM_CUBE",
        "ENCHANTED_MITHRIL",
        "ENCHANTED_TITANIUM",
        "ENCHANTED_HARD_STONE",
        "CONCENTRATED_STONE",
        "ENCHANTED_SULPHUR",
        "ENCHANTED_SULPHUR_CUBE",
        "ENCHANTED_GLACITE",
        "ENCHANTED_UMBER",
        "ENCHANTED_TUNGSTEN"
      ]
    },
    "Combat": {
      "item": "LARGE_COMBAT_SACK",
      "contents": [
        "ROTTEN_FLESH",
        "BONE",
        "STRING",
        "SPIDER_EYE",
        "SLIME_BALL",
        "SULPHUR",
        "ENDER_PEARL",
        "MAGMA_CREAM",
        "BLAZE_ROD",
        "GHAST_TEAR",
        "CHILI_PEPPER"
      ]
    },
    "Enchanted Combat": {
      "item": "LARGE_ENCHANTED_COMBAT_SACK",
      "contents": [
        "ENCHANTED_ROTTEN_FLESH",
        "ENCHANTED_BONE",
        "ENCHANTED_BONE_BLOCK",
        "ENCHANTED_STRING",
        "ENCHANTED_SPIDER_EYE",
        "ENCHANTED_SLIME_BALL",
        "ENCHANTED_SLIME_BLOCK",
        "ENCHANTED_GUNPOWDER",
        "ENCHANTED_ENDER_PEARL",
        "ENCHANTED_EYE_OF_ENDER",
        "ABSOLUTE_ENDER_PEARL",
        "ENCHANTED_MAGMA_CREAM",
        "WHIPPED_MAGMA_CREAM",
        "ENCHANTED_BLAZE_POWDER",
        "ENCHANTED_BLAZE_ROD",
        "ENCHANTED_GHAST_TEAR"
      ]
    },
    "Dragon": {
      "item": "LARGE_DRAGON_SACK",
      "contents": [
        "CRYSTAL_FRAGMENT",
        "OLD_FRAGMENT",
        "PROTECTOR_FRAGMENT",
        "HOLY_FRAGMENT",
        "UNSTABLE_FRAGMENT",
        "YOUNG_FRAGMENT",
        "WISE_FRAGMENT",
        "STRONG_FRAGMENT",
        "SUPERIOR_FRAGMENT",
        "MITE_GEL",
        "RITUAL_RESIDUE"
      ]
    },
    "Foraging": {
      "item": "LARGE_FORAGING_SACK",
      "contents": [
        "LOG",
        "LOG-2",
        "LOG-1",
        "LOG_2-1",
        "LOG_2",
        "LOG-3",
        "APPLE",
        "SAPLING",
        "SAPLING-2",
        "SAPLING-1",
        "SAPLING-5",
        "SAPLING-4",
        "SAPLING-3"
      ]
    },
    "Enchanted Foraging": {
      "item": "LARGE_ENCHANTED_FORAGING_SACK",
      "contents": [
        "ENCHANTED_OAK_LOG",
        "ENCHANTED_BIRCH_LOG",
        "ENCHANTED_SPRUCE_LOG",
        "ENCHANTED_DARK_OAK_LOG",
        "ENCHANTED_ACACIA_LOG",
        "ENCHANTED_JUNGLE_LOG"
      ]
    },
    "Fishing": {
      "item": "LARGE_FISHING_SACK",
      "contents": [
        "RAW_FISH",
        "RAW_FISH-1",
        "RAW_FISH-3",
        "RAW_FISH-2",
        "INK_SACK",
        "PRISMARINE_CRYSTALS",
        "PRISMARINE_SHARD",
        "WATER_LILY",
        "SPONGE",
        "CLAY_BALL",
        "SHARK_FIN",
        "BLUE_SHARK_TOOTH",
        "NURSE_SHARK_TOOTH",
        "TIGER_SHARK_TOOTH",
        "CHUM",
        "GLOWING_MUSHROOM",
        "AGARIMOO_TONGUE",
        "WORM_MEMBRANE"
      ]
    },
    "Enchanted Fishing": {
      "item": "LARGE_ENCHANTED_FISHING_SACK",
      "contents": [
        "ENCHANTED_RAW_FISH",
        "ENCHANTED_COOKED_FISH",
        "ENCHANTED_RAW_SALMON",
        "ENCHANTED_COOKED_SALMON",
        "ENCHANTED_PUFFERFISH",
        "ENCHANTED_CLOWNFISH",
        "ENCHANTED_INK_SACK",
        "ENCHANTED_PRISMARINE_CRYSTALS",
        "ENCHANTED_PRISMARINE_SHARD",
        "ENCHANTED_WATER_LILY",
        "ENCHANTED_SPONGE",
        "ENCHANTED_WET_SPONGE",
        "ENCHANTED_CLAY_BALL",
        "ENCHANTED_SHARK_FIN"
      ]
    },
    "Lava Fishing": {
      "item": "LARGE_LAVA_FISHING_SACK",
      "contents": [
        "MAGMA_FISH",
        "MAGMA_CREAM",
        "LAVA_SHELL",
        "MAGMA_FISH_SILVER",
        "ORB_OF_ENERGY",
        "COAL",
        "CUP_OF_BLOOD",
        "HORN_OF_TAURUS",
        "FLAMING_HEART",
        "THUNDER_SHARDS",
        "NETHERRACK",
        "BLAZE_POWDER",
        "MAGMA_FISH_GOLD",
        "MOOGMA_PELT",
        "PYROCLASTIC_SCALE",
        "LUMP_OF_MAGMA"
      ]
    },
    "Nether": {
      "item": "LARGE_NETHER_SACK",
      "contents": [
        "CORRUPTED_NETHER_STAR",
        "GLOWSTONE_DUST",
        "DIGESTED_MUSHROOMS",
        "MUTATED_BLAZE_ASHES",
        "BURNING_EYE",
        "BLAZE_ASHES",
        "LEATHER_CLOTH",
        "MILLENIA_OLD_BLAZE_ASHES",
        "MYCEL",
        "X",
        "Y",
        "Z",
        "BEZOS",
        "MAGMA_CHUNK",
        "QUARTZ",
        "HEAVY_PEARL",
        "FLAMES",
        "SAND-1",
        "KADA_LEAD",
        "HALLOWED_SKULL",
        "SPECTRE_DUST",
        "MAGMA_CREAM",
        "GHAST_TEAR",
        "COMPACT_OOZE",
        "SPELL_POWDER",
        "GAZING_PEARL",
        "CORRUPTED_FRAGMENT",
        "KUUDRA_TEETH",
        "WITHER_SOUL",
        "REKINDLED_EMBER_FRAGMENT",
        "SULPHUR_ORE",
        "NETHERRACK",
        "NETHER_STALK",
        "MAGMAG",
        "LUMINO_FIBER",
        "TENTACLE_MEAT"
      ]
    },
    "Crystal Hollows": {
      "item": "CRYSTAL_HOLLOWS_SACK",
      "contents": [
        "FTX_3070",
        "SLUDGE_JUICE",
        "CORLEONITE",
        "BOB_OMB",
        "OIL_BARREL",
        "SUPERLITE_MOTOR",
        "CONTROL_SWITCH",
        "ELECTRON_TRANSMITTER",
        "ROBOTRON_REFLECTOR",
        "YOGGIE",
        "SYNTHETIC_HEART",
        "JUNGLE_KEY",
        "WISHING_COMPASS",
        "ASCENSION_ROPE"
      ]
    },
    "Dungeon": {
      "item": "LARGE_DUNGEON_SACK",
      "contents": [
        "DUNGEON_DECOY",
        "WITHER_CATALYST",
        "GIANT_FRAGMENT_BIGFOOT",
        "BONZO_FRAGMENT",
        "GOLEM_POPPY",
        "DUNGEON_TRAP",
        "HEALING_TISSUE",
        "SPIRIT_LEAP",
        "FEL_PEARL",
        "LIVID_FRAGMENT",
        "INFLATABLE_JERRY",
        "SCARF_FRAGMENT",
        "SUPERBOOM_TNT",
        "MIMIC_FRAGMENT",
        "GIANT_FRAGMENT_BOULDER",
        "GIANT_FRAGMENT_LASER",
        "DUNGEON_CHEST_KEY",
        "KISMET_FEATHER",
        "THORN_FRAGMENT",
        "ARCHITECT_FIRST_DRAFT"
      ]
    },
    "Dwarven": {
      "item": "DWARVEN_MINES_SACK",
      "contents": [
        "GOBLIN_EGG",
        "GOBLIN_EGG_GREEN",
        "GOBLIN_EGG_YELLOW",
        "GOBLIN_EGG_RED",
        "GOBLIN_EGG_BLUE",
        "GLACITE_JEWEL",
        "VOLTA",
        "PLASMA",
        "SORROW",
        "BIOFUEL",
        "OIL_BARREL",
        "UMBER_KEY",
        "TUNGSTEN_KEY"
      ]
    },
    "Slayer": {
      "item": "LARGE_SLAYER_SACK",
      "contents": [
        "REVENANT_FLESH",
        "UNDEAD_CATALYST",
        "REVENANT_CATALYST",
        "TARANTULA_WEB",
        "SPIDER_CATALYST",
        "WOLF_TOOTH",
        "NULL_SPHERE",
        "NULL_ATOM",
        "RAW_SOULFLOW",
        "SOULFLOW",
        "DERELICT_ASHE",
        "CRUDE_GABAGOOL"
      ]
    },
    "Spooky": {
      "item": "LARGE_CANDY_SACK",
      "contents": [
        "GREEN_CANDY",
        "PURPLE_CANDY",
        "PUMPKIN_GUTS",
        "SPOOKY_SHARD",
        "ECTOPLASM",
        "WEREWOLF_SKIN",
        "DARK_CANDY"
      ]
    },
    "Winter": {
      "item": "LARGE_WINTER_SACK",
      "contents": [
        "ICE",
        "PACKED_ICE",
        "ENCHANTED_ICE",
        "ENCHANTED_PACKED_ICE",
        "WALNUT",
        "GLACIAL_FRAGMENT",
        "WHITE_GIFT",
        "GREEN_GIFT",
        "RED_GIFT",
        "SNOW_BALL",
        "SNOW_BLOCK",
        "ENCHANTED_SNOW_BLOCK",
        "ICE_HUNK",
        "BLUE_ICE_HUNK",
        "VOLCANIC_ROCK",
        "WINTER_FRAGMENT",
        "PARTY_GIFT"
      ]
    },
    "Bronze Trophy": {
      "item": "BRONZE_TROPHY_FISHING_SACK",
      "contents": [
        "SULPHUR_SKITTER_BRONZE",
        "OBFUSCATED_FISH_1_BRONZE",
        "OBFUSCATED_FISH_2_BRONZE",
        "OBFUSCATED_FISH_3_BRONZE",
        "STEAMING_HOT_FLOUNDER_BRONZE",
        "GUSHER_BRONZE",
        "BLOBFISH_BRONZE",
        "SLUGFISH_BRONZE",
        "FLYFISH_BRONZE",
        "LAVA_HORSE_BRONZE",
        "MANA_RAY_BRONZE",
        "VOLCANIC_STONEFISH_BRONZE",
        "VANILLE_BRONZE",
        "SKELETON_FISH_BRONZE",
        "MOLDFIN_BRONZE",
        "KARATE_FISH_BRONZE",
        "SOUL_FISH_BRONZE",
        "GOLDEN_FISH_BRONZE"
      ]
    },
    "Silver Trophy": {
      "item": "SILVER_TROPHY_FISHING_SACK",
      "contents": [
        "SULPHUR_SKITTER_SILVER",
        "OBFUSCATED_FISH_1_SILVER",
        "OBFUSCATED_FISH_2_SILVER",
        "OBFUSCATED_FISH_3_SILVER",
        "STEAMING_HOT_FLOUNDER_SILVER",
        "GUSHER_SILVER",
        "BLOBFISH_SILVER",
        "SLUGFISH_SILVER",
        "FLYFISH_SILVER",
        "LAVA_HORSE_SILVER",
        "MANA_RAY_SILVER",
        "VOLCANIC_STONEFISH_SILVER",
        "VANILLE_SILVER",
        "SKELETON_FISH_SILVER",
        "MOLDFIN_SILVER",
        "KARATE_FISH_SILVER",
        "SOUL_FISH_SILVER",
        "GOLDEN_FISH_SILVER"
      ]
    },
    "Garden": {
      "item": "GARDEN_SACK",
      "contents": [
        "CROPIE",
        "SQUASH",
        "COMPOST",
        "HONEY_JAR",
        "DUNG",
        "CHEESE_FUEL",
        "PLANT_MATTER",
        "JACOBS_TICKET",
        "FINE_FLOUR"
      ]
    },
    "Flower": {
      "item": "FLOWER_SACK",
      "contents": [
        "DOUBLE_PLANT",
        "DOUBLE_PLANT-1",
        "DOUBLE_PLANT-4",
        "DOUBLE_PLANT-5",
        "RED_ROSE",
        "RED_ROSE-1",
        "RED_ROSE-2",
        "RED_ROSE-3",
        "RED_ROSE-4",
        "RED_ROSE-5",
        "RED_ROSE-6",
        "RED_ROSE-7",
        "RED_ROSE-8",
        "ENDSTONE_ROSE",
        "ENCHANTED_POPPY",
        "ENCHANTED_DANDELION",
        "YELLOW_FLOWER"
      ]
    },
    "Gemstone": {
      "item": "LARGE_GEMSTONE_SACK",
      "contents": [
        "ROUGH_AMBER_GEM",
        "FLAWED_AMBER_GEM",
        "FINE_AMBER_GEM",
        "ROUGH_JADE_GEM",
        "FLAWED_JADE_GEM",
        "FINE_JADE_GEM",
        "ROUGH_TOPAZ_GEM",
        "FLAWED_TOPAZ_GEM",
        "FINE_TOPAZ_GEM",
        "ROUGH_SAPPHIRE_GEM",
        "FLAWED_SAPPHIRE_GEM",
        "FINE_SAPPHIRE_GEM",
        "ROUGH_AMETHYST_GEM",
        "FLAWED_AMETHYST_GEM",
        "FINE_AMETHYST_GEM",
        "ROUGH_JASPER_GEM",
        "FLAWED_JASPER_GEM",
        "FINE_JASPER_GEM",
        "ROUGH_RUBY_GEM",
        "FLAWED_RUBY_GEM",
        "FINE_RUBY_GEM",
        "ROUGH_OPAL_GEM",
        "FLAWED_OPAL_GEM",
        "FINE_OPAL_GEM",
        "ROUGH_ONYX_GEM",
        "FLAWED_ONYX_GEM",
        "FINE_ONYX_GEM",
        "ROUGH_AQUAMARINE_GEM",
        "FLAWED_AQUAMARINE_GEM",
        "FINE_AQUAMARINE_GEM",
        "ROUGH_CITRINE_GEM",
        "FLAWED_CITRINE_GEM",
        "FINE_CITRINE_GEM",
        "ROUGH_PERIDOT_GEM",
        "FLAWED_PERIDOT_GEM",
        "FINE_PERIDOT_GEM"
      ]
    },
    "Rune": {
      "item": "RUNE_SACK",
      "contents": [
      ]
    },
    "Events": {
      "item": "LARGE_EVENTS_SACK",
      "contents": [
        "ANCIENT_CLAW",
        "BLUE_SHARK_TOOTH",
        "CARNIVAL_TICKET",
        "DARK_CANDY",
        "ECTOPLASM",
        "ENCHANTED_SHARK_FIN",
        "GLACIAL_FRAGMENT",
        "GLOSSY_GEMSTONE",
        "GREEN_CANDY",
        "GRIFFIN_FEATHER",
        "BLUE_ICE_HUNK",
        "ICE_HUNK",
        "NURSE_SHARK_TOOTH",
        "PARTY_GIFT",
        "PUMPKIN_GUTS",
        "PURPLE_CANDY",
        "REFINED_MINERAL",
        "SHARK_FIN",
        "SPOOKY_SHARD",
        "TIGER_SHARK_TOOTH",
        "WEREWOLF_SKIN",
        "WHITE_GIFT",
        "GREEN_GIFT",
        "RED_GIFT"
      ]
    }
  }
}