{
  "itemid": "minecraft:skull",
  "displayname": "§9Bluetooth Ring",
  "nbttag": "{HideFlags:254,SkullOwner:{Id:\"a738aa48-6311-3b92-b0df-7a3aa5e66c2d\",Properties:{textures:[0:{Value:\"eyJ0ZXh0dXJlcyI6eyJTS0lOIjp7InVybCI6Imh0dHA6Ly90ZXh0dXJlcy5taW5lY3JhZnQubmV0L3RleHR1cmUvZWZmZmRiNGY3NWUxNjc4ZWNmYWE1ZjQyYTMyZjExZTFjYzA4Nzk0NmY0ODU3NDYzYWU2NjQ3Y2MzZTAwNzllMiJ9fX0\u003d\"}]}},display:{Lore:[0:\"§7Rift Time: §a+30s\",1:\"\",2:\"§7Monster melee attacks reduce §a1 §7less\",3:\"§7§aф Rift Time §7if there is another player\",4:\"§7within §a50 §7blocks.\",5:\"\",6:\"§5§kX§5 Rift-Transferable §kX\",7:\"§9§lRARE ACCESSORY\"],Name:\"§9Bluetooth Ring\"},ExtraAttributes:{id:\"BLUETOOTH_RING\"}}",
  "damage": 3,
  "lore": [
    "§7Rift Time: §a+30s",
    "",
    "§7Monster melee attacks reduce §a1 §7less",
    "§7§aф Rift Time §7if there is another player",
    "§7within §a50 §7blocks.",
    "",
    "§5§kX§5 Rift-Transferable §kX",
    "§9§lRARE ACCESSORY"
  ],
  "recipe": {
    "A1": "METAL_HEART:4",
    "A2": "METAL_HEART:4",
    "A3": "METAL_HEART:4",
    "B1": "METAL_HEART:4",
    "B2": "",
    "B3": "METAL_HEART:4",
    "C1": "METAL_HEART:4",
    "C2": "METAL_HEART:4",
    "C3": "METAL_HEART:4"
  },
  "internalname": "BLUETOOTH_RING",
  "clickcommand": "viewrecipe",
  "modver": "2.1.1-PRE",
  "crafttext": "Requires: Living Metal Heart III",
  "infoType": "WIKI_URL",
  "info": [
    "https://hypixel-skyblock.fandom.com/wiki/Bluetooth_Ring",
    "https://wiki.hypixel.net/Bluetooth_Ring"
  ]
}