{
  "itemid": "minecraft:red_flower",
  "displayname": "§5Antique Remedies",
  "nbttag": "{ench:[],HideFlags:254,display:{Lore:[0:\"§8Consumed on use\",1:\"\",2:\"§7§7Pet items can boost pets in various\",3:\"§7ways but pets can only hold 1 item at\",4:\"§7a time so choose wisely!\",5:\"\",6:\"§7§7Increases the pet\u0027s §c❁ Strength §7by\",7:\"§7§a80%§7.\",8:\"\",9:\"§7§eRight-click on your summoned pet to\",10:\"§egive it this item!\",11:\"\",12:\"§5§lEPIC PET ITEM\"],Name:\"§5Antique Remedies\"},ExtraAttributes:{id:\"ANTIQUE_REMEDIES\"}}",
  "damage": 3,
  "lore": [
    "§8Consumed on use",
    "",
    "§7§7Pet items can boost pets in various",
    "§7ways but pets can only hold 1 item at",
    "§7a time so choose wisely!",
    "",
    "§7§7Increases the pet\u0027s §c❁ Strength §7by",
    "§7§a80%§7.",
    "",
    "§7§eRight-click on your summoned pet to",
    "§egive it this item!",
    "",
    "§5§lEPIC PET ITEM"
  ],
  "internalname": "ANTIQUE_REMEDIES",
  "crafttext": "",
  "clickcommand": "",
  "modver": "2.1.1-PRE",
  "infoType": "WIKI_URL",
  "info": [
    "https://hypixel-skyblock.fandom.com/wiki/Pet_Items",
    "https://wiki.hypixel.net/Antique_Remedies"
  ]
}