{
	"credit": "Made with Blockbench",
	"textures": {
		"4": "blocks/duck_1",
		"6": "blocks/duck_2",
		"7": "blocks/duck_3",
		"8": "blocks/duck_4",
		"9": "blocks/duck_5",
		"particle": "blocks/bed_head_top",
		"top": "blocks/bed_head_top",
		"bottom": "blocks/planks_oak",
		"end": "blocks/bed_head_end",
		"side": "blocks/bed_head_side"
	},
	"elements": [
		{
			"from": [0, 0, 0],
			"to": [16, 9, 15],
			"faces": {
				"east": {"uv": [16, 7, 0, 16], "texture": "#side"},
				"south": {"uv": [0, 7, 16, 16], "texture": "#end"},
				"west": {"uv": [0, 7, 16, 16], "texture": "#side"},
				"up": {"uv": [0, 16, 16, 0], "rotation": 90, "texture": "#top"}
			}
		},
		{
			"from": [0, 3, 0],
			"to": [16, 3, 16],
			"faces": {
				"down": {"uv": [0, 0, 16, 16], "texture": "#bottom"}
			}
		},
		{
			"from": [2, 9, 9],
			"to": [14, 10, 14],
			"faces": {
				"north": {"uv": [9, 2, 10, 14], "rotation": 90, "texture": "#top"},
				"east": {"uv": [9, 2, 15, 3], "rotation": 180, "texture": "#top"},
				"south": {"uv": [14, 2, 15, 14], "rotation": 90, "texture": "#top"},
				"west": {"uv": [9, 13, 15, 14], "texture": "#top"},
				"up": {"uv": [10, 2, 15, 14], "rotation": 90, "texture": "#top"},
				"down": {"uv": [0, 0, 1, 1], "texture": "#top"}
			}
		},
		{
			"from": [0, 3, 15],
			"to": [16, 13, 16],
			"faces": {
				"north": {"uv": [0, 3, 15, 12], "texture": "#bottom"},
				"east": {"uv": [0, 0, 1, 12], "texture": "#bottom"},
				"south": {"uv": [0, 3, 15, 12], "texture": "#bottom"},
				"west": {"uv": [0, 0, 1, 12], "texture": "#bottom"},
				"up": {"uv": [0, 0, 16, 1], "texture": "#bottom"},
				"down": {"uv": [0, 0, 16, 1], "texture": "#bottom"}
			}
		},
		{
			"from": [2, 13, 15],
			"to": [14, 14, 16],
			"faces": {
				"north": {"uv": [2, 2, 14, 3], "texture": "#bottom"},
				"east": {"uv": [0, 0, 1, 1], "texture": "#bottom"},
				"south": {"uv": [2, 2, 14, 3], "texture": "#bottom"},
				"west": {"uv": [0, 0, 1, 1], "texture": "#bottom"},
				"up": {"uv": [2, 2, 14, 3], "texture": "#bottom"},
				"down": {"uv": [2, 5, 14, 6], "texture": "#bottom"}
			}
		},
		{
			"from": [4, 14, 15],
			"to": [12, 15, 16],
			"faces": {
				"north": {"uv": [1, 12, 13, 13], "texture": "#bottom"},
				"east": {"uv": [0, 0, 1, 1], "texture": "#bottom"},
				"south": {"uv": [1, 12, 13, 13], "texture": "#bottom"},
				"west": {"uv": [0, 0, 1, 1], "texture": "#bottom"},
				"up": {"uv": [1, 12, 13, 13], "texture": "#bottom"},
				"down": {"uv": [1, 9, 13, 10], "texture": "#bottom"}
			}
		},
		{
			"from": [0, 9, 6],
			"to": [16, 10, 8],
			"faces": {
				"north": {"uv": [4, 0, 5, 16], "rotation": 270, "texture": "#top"},
				"east": {"uv": [4, 15, 6, 16], "texture": "#top"},
				"south": {"uv": [5, 0, 6, 16], "rotation": 270, "texture": "#top"},
				"west": {"uv": [4, 0, 6, 1], "texture": "#top"},
				"up": {"uv": [6, 16, 8, 0], "rotation": 90, "texture": "#top"},
				"down": {"uv": [6, 0, 8, 16], "rotation": 270, "texture": "#top"}
			}
		},
		{
			"from": [-1, 2, 6],
			"to": [0, 9, 8],
			"faces": {
				"north": {"uv": [7, 7, 8, 14], "texture": "#side"},
				"east": {"uv": [6, 7, 8, 14], "texture": "#side"},
				"south": {"uv": [5, 7, 6, 14], "texture": "#side"},
				"west": {"uv": [6, 7, 8, 14], "texture": "#side"},
				"up": {"uv": [6, 7, 8, 8], "rotation": 270, "texture": "#side"},
				"down": {"uv": [6, 13, 8, 14], "rotation": 270, "texture": "#side"}
			}
		},
		{
			"from": [16, 2, 6],
			"to": [17, 9, 8],
			"faces": {
				"north": {"uv": [7, 7, 8, 14], "texture": "#side"},
				"east": {"uv": [8, 7, 6, 14], "texture": "#side"},
				"south": {"uv": [5, 7, 6, 14], "texture": "#side"},
				"west": {"uv": [8, 7, 6, 14], "texture": "#side"},
				"up": {"uv": [6, 7, 8, 8], "rotation": 90, "texture": "#side"},
				"down": {"uv": [6, 13, 8, 14], "rotation": 90, "texture": "#side"}
			}
		},
		{
			"from": [5, 8, 5],
			"to": [6, 10, 10],
			"rotation": {"angle": -22.5, "axis": "x", "origin": [0, 0, 0]},
			"faces": {
				"north": {"uv": [2, 4, 3, 6], "texture": "#7"},
				"east": {"uv": [0, 0, 5, 2], "texture": "#7"},
				"south": {"uv": [3, 4, 4, 6], "texture": "#7"},
				"west": {"uv": [0, 2, 5, 4], "texture": "#7"},
				"up": {"uv": [1, 9, 0, 4], "texture": "#7"},
				"down": {"uv": [2, 4, 1, 9], "texture": "#7"}
			}
		},
		{
			"from": [10, 8, 5],
			"to": [11, 10, 10],
			"rotation": {"angle": -22.5, "axis": "x", "origin": [0, 0, 0]},
			"faces": {
				"north": {"uv": [2, 4, 3, 6], "texture": "#7"},
				"east": {"uv": [0, 0, 5, 2], "texture": "#7"},
				"south": {"uv": [3, 4, 4, 6], "texture": "#7"},
				"west": {"uv": [0, 2, 5, 4], "texture": "#7"},
				"up": {"uv": [1, 9, 0, 4], "texture": "#7"},
				"down": {"uv": [2, 4, 1, 9], "texture": "#7"}
			}
		},
		{
			"from": [6, 8, 9],
			"to": [10, 9, 12],
			"rotation": {"angle": -22.5, "axis": "x", "origin": [0, 0, 0]},
			"faces": {
				"north": {"uv": [4, 0, 8, 1], "texture": "#6"},
				"east": {"uv": [4, 2, 7, 3], "texture": "#6"},
				"south": {"uv": [4, 1, 8, 2], "texture": "#6"},
				"west": {"uv": [4, 3, 7, 4], "texture": "#6"},
				"up": {"uv": [4, 3, 0, 0], "texture": "#6"},
				"down": {"uv": [4, 3, 0, 6], "texture": "#6"}
			}
		},
		{
			"from": [6, 9, 0],
			"to": [10, 12, 6],
			"faces": {
				"north": {"uv": [8, 0, 12, 3], "texture": "#4"},
				"east": {"uv": [0, 6, 6, 9], "texture": "#4"},
				"south": {"uv": [8, 3, 12, 6], "texture": "#4"},
				"west": {"uv": [6, 6, 12, 9], "texture": "#4"},
				"up": {"uv": [4, 6, 0, 0], "texture": "#4"},
				"down": {"uv": [8, 0, 4, 6], "texture": "#4"}
			}
		},
		{
			"from": [6, 12, -1],
			"to": [10, 15, 3],
			"faces": {
				"north": {"uv": [4, 0, 8, 3], "texture": "#8"},
				"east": {"uv": [4, 3, 8, 6], "texture": "#8"},
				"south": {"uv": [4, 6, 8, 9], "texture": "#8"},
				"west": {"uv": [0, 8, 4, 11], "texture": "#8"},
				"up": {"uv": [4, 4, 0, 0], "texture": "#8"},
				"down": {"uv": [4, 4, 0, 8], "texture": "#8"}
			}
		},
		{
			"from": [6, 12, -3],
			"to": [10, 13, -1],
			"faces": {
				"north": {"uv": [0, 0, 4, 1], "texture": "#9"},
				"east": {"uv": [0, 4, 1, 5], "texture": "#9"},
				"south": {"uv": [0, 1, 4, 2], "texture": "#9"},
				"west": {"uv": [4, 0, 5, 1], "texture": "#9"},
				"up": {"uv": [4, 3, 0, 2], "texture": "#9"},
				"down": {"uv": [4, 3, 0, 4], "texture": "#9"}
			}
		}
	]
}