{
	"credit": "Made with Blockbench",
	"textures": {
		"particle": "blocks/bed_feet_top",
		"top": "blocks/bed_feet_top",
		"bottom": "blocks/planks_oak",
		"end": "blocks/bed_feet_end",
		"side": "blocks/bed_feet_side"
	},
	"elements": [
		{
			"from": [0, 0, 1],
			"to": [16, 9, 16],
			"faces": {
				"north": {"uv": [0, 7, 16, 16], "texture": "#end"},
				"east": {"uv": [16, 7, 0, 16], "texture": "#side"},
				"west": {"uv": [0, 7, 16, 16], "texture": "#side"},
				"up": {"uv": [0, 16, 16, 0], "rotation": 90, "texture": "#top"}
			}
		},
		{
			"from": [0, 3, 0],
			"to": [16, 3, 16],
			"faces": {
				"down": {"uv": [0, 0, 16, 16], "texture": "#bottom"}
			}
		},
		{
			"from": [0, 3, 0],
			"to": [16, 11, 1],
			"faces": {
				"north": {"uv": [1, 4, 15, 11], "texture": "#bottom"},
				"east": {"uv": [0, 2, 1, 12], "texture": "#bottom"},
				"south": {"uv": [0, 4, 15, 11], "texture": "#bottom"},
				"west": {"uv": [0, 2, 1, 12], "texture": "#bottom"},
				"up": {"uv": [2, 0, 16, 1], "texture": "#bottom"},
				"down": {"uv": [2, 0, 16, 1], "texture": "#bottom"}
			}
		},
		{
			"from": [2, 11, 0],
			"to": [14, 12, 1],
			"faces": {
				"north": {"uv": [2, 1, 13, 2], "texture": "#bottom"},
				"east": {"uv": [0, 0, 1, 1], "texture": "#bottom"},
				"south": {"uv": [2, 1, 13, 2], "texture": "#bottom"},
				"west": {"uv": [0, 0, 1, 1], "texture": "#bottom"},
				"up": {"uv": [2, 1, 13, 2], "texture": "#bottom"},
				"down": {"uv": [2, 5, 14, 6], "texture": "#bottom"}
			}
		}
	],
	"display": {}
}