{"global":{"lastUsedVersion":"1.2.3.1"},"edc33d8240ec408687d3275d985c4bcb":{"wormKills":{"regularWorms":150,"scathas":30},"unlockedAchievements":[{"achievementID":"crystal_hollows_time_1","unlockedAt":1726525351837},{"achievementID":"worm_kills_1","unlockedAt":1726558442204},{"achievementID":"worm_kills_2","unlockedAt":1726558442349},{"achievementID":"worm_kills_3","unlockedAt":1726558442351},{"achievementID":"scatha_kills_1","unlockedAt":1726558442352},{"achievementID":"scatha_kills_2","unlockedAt":1726558442352},{"achievementID":"scatha_pet_drop_1_legendary","unlockedAt":1726558442353},{"achievementID":"crystal_hollows_time_2","unlockedAt":1726780646707}],"petDrops":{"rare":0,"epic":0,"legendary":1,"scathaKillsAtLastDrop":28}},"da016e25746b4239b731d8c59c283260":{"unlockedAchievements":[{"achievementID":"crystal_hollows_time_1","unlockedAt":1749717885467}]}}