{
  "itemid": "minecraft:skull",
  "displayname": "§5Amber Material",
  "nbttag": "{HideFlags:254,SkullOwner:{Id:\"f38e2ada-056c-3df5-ac6c-6f03e2914c7e\",Properties:{textures:[0:{Value:\"eyJ0ZXh0dXJlcyI6eyJTS0lOIjp7InVybCI6Imh0dHA6Ly90ZXh0dXJlcy5taW5lY3JhZnQubmV0L3RleHR1cmUvYWFjZTZiYjNhYTRjY2FjMDMxMTY4MjAyZjZkNDUzMjU5N2JjYWM2MzUxMDU5YWJkOWQxMGIyODYxMDQ5M2FlYiJ9fX0\u003d\"}]}},display:{Lore:[0:\"§8Reforge Stone\",1:\"§7§8Combinable in Reforge Anvil\",2:\"\",3:\"§7Applies the §9Ambered §7reforge when\",4:\"§7combined with a pickaxe or drill§7.\",5:\"\",6:\"§7§8§oPut a bunch of Amber together and\",7:\"§8§oit\u0027ll make more Amber - Throin the\",8:\"§8§oForger.\",9:\"\",10:\"§9Ambered §7(§6Legendary§7):\",11:\"§7Mining Speed: §a+55\",12:\"\",13:\"§7Requires §aMining Skill Level XXX§7!\",14:\"\",15:\"§5§lEPIC REFORGE STONE\"],Name:\"§5Amber Material\"},ExtraAttributes:{id:\"AMBER_MATERIAL\"}}",
  "damage": 3,
  "lore": [
    "§8Reforge Stone",
    "§7§8Combinable in Reforge Anvil",
    "",
    "§7Applies the §9Ambered §7reforge when",
    "§7combined with a pickaxe or drill§7.",
    "",
    "§7§8§oPut a bunch of Amber together and",
    "§8§oit\u0027ll make more Amber - Throin the",
    "§8§oForger.",
    "",
    "§9Ambered §7(§6Legendary§7):",
    "§7Mining Speed: §a+55",
    "",
    "§7Requires §aMining Skill Level XXX§7!",
    "",
    "§5§lEPIC REFORGE STONE"
  ],
  "internalname": "AMBER_MATERIAL",
  "crafttext": "Requires: HotM 6",
  "clickcommand": "viewrecipe",
  "modver": "",
  "infoType": "WIKI_URL",
  "info": [
    "https://hypixel-skyblock.fandom.com/wiki/Amber_Material",
    "https://wiki.hypixel.net/Amber_Material"
  ],
  "recipes": [
    {
      "type": "forge",
      "inputs": [
        "GOLDEN_PLATE:1",
        "FINE_AMBER_GEM:12"
      ],
      "count": 1,
      "overrideOutputId": "AMBER_MATERIAL",
      "duration": 25200
    }
  ]
}