{
  "ESSENCE_UNDEAD": {
    "catacombs_boss_luck": {
      "costs": [
        100,
        1000,
        10000,
        100000
      ],
      "name": "Boss Luck"
    },
    "catacombs_looting": {
      "costs": [
        1000,
        2000,
        3000,
        4000,
        5000
      ],
      "name": "Looting"
    },
    "revive_stone": {
      "costs": [
        200000
      ],
      "name": "Help of the Fairies"
    },
    "catacombs_health": {
      "costs": [
        1000,
        2500,
        5000,
        10000,
        25000
      ],
      "name": "Health Essence"
    },
    "catacombs_defense": {
      "costs": [
        1000,
        4000,
        6000,
        8000,
        10000
      ],
      "name": "Defense Essence"
    },
    "catacombs_strength": {
      "costs": [
        1000,
        4000,
        6000,
        8000,
        10000
      ],
      "name": "Strength Essence"
    },
    "catacombs_intelligence": {
      "costs": [
        1000,
        4000,
        6000,
        8000,
        10000
      ],
      "name": "Intelligence Essence"
    },
    "catacombs_crit_damage": {
      "costs": [
        1000,
        3000,
        10000,
        20000,
        50000
      ],
      "name": "Critical Essence"
    }
  },
  "ESSENCE_WITHER": {
    "permanent_health": {
      "costs": [
        100,
        250,
        500,
        1000,
        1500
      ],
      "name": "Forbidden Health"
    },
    "permanent_defense": {
      "costs": [
        100,
        250,
        500,
        1000,
        1500
      ],
      "name": "Forbidden Defense"
    },
    "permanent_speed": {
      "costs": [
        100,
        250
      ],
      "name": "Forbidden Speed"
    },
    "permanent_intelligence": {
      "costs": [
        100,
        250,
        500,
        1000,
        1500
      ],
      "name": "Forbidden Intelligence"
    },
    "permanent_strength": {
      "costs": [
        100,
        250,
        500,
        1000,
        1500
      ],
      "name": "Forbidden Strength"
    },
    "forbidden_blessing": {
      "costs": [
        200,
        400,
        600,
        800,
        1000,
        1200,
        1400,
        1600,
        1800,
        2000
      ],
      "name": "Forbidden Blessing"
    }
  },
  "ESSENCE_DRAGON": {
    "flat_damage_vs_ender": {
      "costs": [
        100,
        200,
        300,
        400,
        500
      ],
      "name": "One Punch"
    },
    "mana_after_ender_kill": {
      "costs": [
        100,
        100,
        100,
        100,
        100,
        100,
        100,
        100,
        100,
        100
      ],
      "name": "Recharge"
    },
    "fero_vs_dragons": {
      "costs": [
        125,
        250,
        500,
        1000,
        1500
      ],
      "name": "Rageborn"
    },
    "inc_zealots_odds": {
      "costs": [
        150,
        500,
        1250,
        2000,
        3000
      ],
      "name": "Zealuck"
    },
    "combat_wisdom_in_end": {
      "costs": [
        250,
        1250,
        5000
      ],
      "name": "Ender Training"
    },
    "edrag_cd": {
      "costs": [
        500,
        1500,
        2500,
        3500,
        4000
      ],
      "name": "Infused Dragon"
    },
    "dragon_reforges_buff": {
      "costs": [
        1500,
        2250,
        3250,
        4500,
        6500
      ],
      "name": "Two-Headed Strike"
    },
    "increased_sup_chances": {
      "costs": [
        2000
      ],
      "name": "Dragon Piper"
    },
    "unbridled_rage": {
      "costs": [
        1000,
        1500,
        2000,
        3000,
        5000
      ],
      "name": "Unbridled Rage"
    }
  },
  "ESSENCE_SPIDER": {
    "empowered_agility": {
      "costs": [
        50,
        75,
        100,
        150,
        250,
        400,
        750,
        1000,
        1750,
        2500
      ],
      "name": "Empowered Agility"
    },
    "vermin_control": {
      "costs": [
        100,
        500,
        1000,
        3000,
        5000
      ],
      "name": "Vermin Control"
    },
    "bane": {
      "costs": [
        100,
        500,
        1000,
        3000,
        5000
      ],
      "name": "Bane"
    },
    "spider_training": {
      "costs": [
        250,
        1250,
        5000
      ],
      "name": "Spider Training"
    },
    "toxophilite": {
      "costs": [
        1000,
        1500,
        2000,
        3000,
        5000
      ],
      "name": "Toxophilite"
    }
  },
  "ESSENCE_ICE": {
    "cold_efficiency": {
      "costs": [
        1000,
        1500,
        2000,
        3000,
        5000
      ],
      "name": "Cold Efficiency"
    },
    "cooled_forges": {
      "costs": [
        100,
        1000,
        2000,
        3000,
        5000
      ],
      "name": "Cooled Forges"
    },
    "frozen_skin": {
      "costs": [
        1000,
        1500,
        2000,
        3000,
        5000
      ],
      "name": "Frozen Skin"
    },
    "season_of_joy": {
      "costs": [
        200,
        400,
        800,
        1500,
        2100,
        3000,
        3000,
        4000,
        4000,
        4000
      ],
      "name": "Season of Joy"
    },
    "drake_piper": {
      "costs": [
        2000
      ],
      "name": "Drake Piper"
    }
  },
  "ESSENCE_CRIMSON": {
    "strongarm_kuudra": {
      "costs": [
        1000,
        2000
      ],
      "name": "Strong Arm"
    },
    "fresh_tools_kuudra": {
      "costs": [
        200,
        400,
        600,
        800,
        1000
      ],
      "name": "Fresh Tools"
    },
    "headstart_kuudra": {
      "costs": [
        100,
        200,
        300,
        400,
        500
      ],
      "name": "Head Start"
    },
    "master_kuudra": {
      "costs": [
        5000
      ],
      "name": "Kuudra Master"
    },
    "fungus_fortuna": {
      "costs": [
        100,
        200,
        300,
        400,
        500,
        600,
        700,
        800,
        900,
        1000
      ],
      "name": "Fungus Fortune"
    },
    "harena_fortuna": {
      "costs": [
        100,
        200,
        300,
        400,
        500,
        600,
        700,
        800,
        900,
        1000
      ],
      "name": "Harena Fortune"
    },
    "crimson_training": {
      "costs": [
        250,
        1250,
        5000
      ],
      "name": "Crimson Training"
    },
    "wither_piper": {
      "costs": [
        500,
        750,
        1250,
        2000,
        3000
      ],
      "name": "Wither Piper"
    }
  },
  "ESSENCE_GOLD": {
    "heart_of_gold": {
      "costs": [
        1000,
        1500,
        2000,
        3000,
        5000
      ],
      "name": "Heart of Gold"
    },
    "treasures_of_the_earth": {
      "costs": [
        150,
        500,
        1250,
        2000,
        3000
      ],
      "name": "Treasure of the Earth"
    },
    "dwarven_training": {
      "costs": [
        250,
        1250,
        5000
      ],
      "name": "Dwarven Training"
    },
    "unbreaking": {
      "costs": [
        150,
        500,
        1250,
        2000,
        3000
      ],
      "name": "Unbreaking"
    },
    "eager_miner": {
      "costs": [
        100,
        200,
        300,
        400,
        500,
        600,
        700,
        800,
        900,
        1000
      ],
      "name": "Eager Miner"
    },
    "midas_lure": {
      "costs": [
        200,
        400,
        600,
        800,
        1000,
        1200,
        1400,
        1600,
        1800,
        2000
      ],
      "name": "Midas Lure"
    }
  },
  "ESSENCE_DIAMOND": {
    "radiant_fisher": {
      "costs": [
        200,
        400,
        600,
        800,
        1000,
        1200,
        1400,
        1600,
        1800,
        2000
      ],
      "name": "Radiant Fisher"
    },
    "diamond_in_the_rough": {
      "costs": [
        1000,
        1500,
        2000,
        3000,
        5000
      ],
      "name": "Diamond in the Rough"
    },
    "rhinestone_infusion": {
      "costs": [
        2000
      ],
      "name": "Rhinestone Infusion"
    },
    "under_pressure": {
      "costs": [
        125,
        250,
        500,
        1000,
        1500
      ],
      "name": "Under Pressure"
    },
    "high_roller": {
      "costs": [
        5000
      ],
      "name": "High Roller"
    },
    "return_to_sender": {
      "costs": [
        50,
        75,
        100,
        150,
        250,
        400,
        750,
        1000,
        1750,
        2500
      ],
      "name": "Return to Sender"
    }
  }
}