{
  "bingo_tips": {
    "Lucky Looter (Community Goal)": {
      "difficulty": "Medium",
      "note": [
        "Collect rare drops"
      ],
      "guide": [
        "Carrots and potatoes from killing",
        "Zombies in graveyard do count."
      ]
    },
    "Pet (Community Goal)": {
      "difficulty": "Easy",
      "note": [
        "Gain Pet XP"
      ],
      "guide": [
        "You will gain progress here passively",
        "while going for other grinds.",
        "§lMake sure to always have a pet active!"
      ]
    },
    "Skilled (Community Goal)": {
      "difficulty": "Easy",
      "note": [
        "Gain Farming experience"
      ],
      "guide": [
        "Farm in the Garden. Remember Crop Milestones",
        "grant a lot of XP. Carrots can also benefit this",
        "as you can use pet candies made out of them to",
        "contribute to another goal."
      ]
    },
    "Revenant Horror (Community Goal)": {
      "difficulty": "Easy",
      "note": [
        "Kill t2 Revenant Bosses"
      ],
      "guide": [
        "Going for the Slayer Goal will give you",
        "quite some progress here if you do it",
        "on your own with Revenant Bosses."
      ]
    },
    "Cave Commodity (Community Goal)": {
      "difficulty": "Easy",
      "note": [
        "Gain HotM-XP"
      ],
      "guide": [
        "Do your daily commissions in the Dwarven Mines",
        "(and Crystal Hollows). Also participate in any",
        "active event there that you come across."
      ]
    },
    "Setting a Trap": {
      "difficulty": "Easy",
      "note": [
        "Kill a trapper Mob"
      ],
      "guide": [
        "Use /warp trapper to accept a quest",
        "and use SkyHanni's Trapper features",
        "to make this easier. Bring a bow with you."
      ]
    },
    "Diamond Collector": {
      "difficulty": "Medium",
      "note": [
        "52.5k Diamond Collection"
      ],
      "guide": [
        "Mine Diamonds in the Mines of Divan",
        "(HotM 3) or in the carts in the Dwarven Mines.",
        "You can also passively work on this by using",
        "Diamond Spreadings in your Minions if you want."
      ]
    },
    "Healthy": {
      "difficulty": "Easy",
      "note": [
        "250 Health"
      ],
      "guide": [
        "Wear armor enchanted with Growth 5 ",
        "(Enchanting Level 5).",
        "Applying Growth 5 costs 50 Levels each."
      ]
    },
    "Slayer": {
      "difficulty": "Medium",
      "note": [
        "Reach Slayer Level 5"
      ],
      "guide": [
        "Kill t2 Revenant Horrors to passively",
        "progress in the Community Goal."
      ]
    },
    "Spruce Wood Collector": {
      "difficulty": "Hard",
      "note": [
        "70k Spruce Wood collection"
      ],
      "guide": [
        "Optimal tool:",
        "Golden Axe with Efficiency 5",
        "Reforges: Double-Bit or Lush",
        "Get Haste 3 from a splash to instamine wood",
        "Forage in The Park to get wood for your minions.",
        "Place as many minions as you can",
        "give them a medium storage and the best fuel",
        "you can. Collect them in time."
      ]
    },
    "Mushroom Collector": {
      "difficulty": "Easy",
      "note": [
        "40k Mushroom Collection"
      ],
      "guide": [
        "Use a Silk Touch and Efficiency Golden Axe and",
        "chop mushroom blocks in the Mushroom Desert."
      ]
    },
    "Extra Storage": {
      "difficulty": "Hard",
      "note": [
        "Craft a Large Storage"
      ],
      "guide": [
        "Optimal tool:",
        "Golden Axe with Efficiency 5",
        "Reforges: Double-Bit or Lush",
        "Get Haste 3 from a splash to instamine wood",
        "Costs 256 Enchanted Oak Wood to craft and",
        "unlocks at Oak Wood Collection 9 (30k)."
      ]
    },
    "Pair Up!": {
      "difficulty": "Medium",
      "note": [
        "Find 5 Pairs"
      ],
      "guide": [
        "Get Enchanting Level 10 and play",
        "the highest experiments in the",
        "Experimentation Table that you can get."
      ]
    },
    "Zoop!": {
      "difficulty": "Medium",
      "note": [
        "Craft an AotE"
      ],
      "guide": [
        "Kill endermen and mine Nodes for",
        "Enchanted Ender Pearls. You need them for",
        "Enchanted Eyes of Ender (32 of those).",
        "Don't forget to buy your daily Blaze Powder",
        "from the Alchemist in the Hub."
      ]
    },
    "Quick Reel": {
      "difficulty": "Medium",
      "note": [
        "Summon 3 sea creatures in 75 seconds"
      ],
      "guide": [
        "Fish in The Park and make sure rain is active.",
        "Do not stand/have your bobber under solid blocks",
        "as this will slow your speed down by a lot."
      ]
    },
    "Rock Solid": {
      "difficulty": "Medium",
      "note": [
        "Equip an Uncommon or higher tiered Rock Pet"
      ],
      "guide": [
        "You get the Rock Pet from mining ores.",
        "The Common Rock unlocks at 2.5k broken ores,",
        "the Uncommon one at 7.5k. You can also upgrade",
        "your common rock at Kat but this will take a day."
      ]
    },
    "Meiser": {
      "difficulty": "Easy",
      "note": [
        "50k coins in Bank"
      ],
      "guide": [
        "You will get this passively by leveling up",
        "skills, if you don't forget to put the money",
        "in your bank ;-)"
      ]
    },
    "Fashionable": {
      "difficulty": "Medium",
      "note": [
        "15 Armor Sets"
      ],
      "guide": [
        "Craft Leather, Iron, Gold and Diamond Armor",
        "Collect Ender Armor from The End (8 pieces including equipment)",
        "Craft Leaflet, Farm Suit, Mushroom and Cactus Armor",
        "Buy Squire, Rosetta's, Celeste and Starlight Armor from Rosetta"
      ]
    },
    "Minion Machine": {
      "difficulty": "Easy",
      "note": [
        "25 unique Minions"
      ],
      "guide": [
        "Craft some easy minions while also getting",
        "those that will help with this Bingo.",
        "You might wanna go further than that to",
        "help with other goals."
      ]
    },
    "Taking Flight": {
      "difficulty": "Easy",
      "note": [
        "Consume a Magical Mushroom Soup"
      ],
      "guide": [
        "You will unlock this while going",
        "for Mushroom Collector.",
        "Remember to get the Glowstone Dust",
        "by buying a Glowstone from The Builder",
        "and breaking it on your island."
      ]
    },
    "Critical": {
      "difficulty": "Easy",
      "note": [
        "100 Crit Damage"
      ],
      "guide": [
        "Reforge your Void Sword to Sharp",
        "at the Blacksmith in the Hub (-28 69 -125),",
        "or enchant any weapon with Critical 5 (costs 50 Levels).",
        "You might also get it from receiving a Splash."
      ]
    },
    "Carry-On": {
      "difficulty": "Easy",
      "note": [
        "Craft a Small Backpack"
      ],
      "guide": [
        "Kill Cows in The Barn to unlock this",
        "and craft it using the materials you",
        "got along the way."
      ]
    },
    "Titanic Reforger": {
      "difficulty": "Easy",
      "note": [
        "Apply the Titanic reforge"
      ],
      "guide": [
        "Apply it to an armor piece using the Blacksmith.",
        "This can take quite some time and money",
        "as it is RNG based."
      ]
    },
    "Skill Average": {
      "difficulty": "Hard",
      "note": [
        "Skill Average of 17"
      ],
      "guide": [
        "To help with this, try to make bigger crafts",
        "by hand for Carpentry levels. Don't forget",
        "to do some Alchemy with Materials gathered from the Garden.",
        "Also do your daily experiments and make sure",
        "to have a pet active at all times",
        "(any pet works, even level 100)."
      ]
    },
    "The Dragon Bow": {
      "difficulty": "Medium",
      "note": [
        "Obtain the Dragon Shortbow"
      ],
      "guide": [
        "Follow the Lone Adventurers quest in The End",
        "until you get the Bow."
      ]
    }
  }
}
