{
	"credit": "Made with Blockbench",
	"ambientocclusion": false,
	"texture_size": [64, 64],
	"textures": {
		"5": "blocks/planks_spruce",
		"6": "blocks/bed_head_end",
		"side": "blocks/bed_head_side",
		"particle": "blocks/bed_head_top"
	},
	"elements": [
		{
			"name": "bed head sides",
			"from": [0, 3, 0],
			"to": [16, 9, 16],
			"faces": {
				"east": {"uv": [16, 7, 0, 14], "texture": "#side"},
				"south": {"uv": [0, 0, 0, 0], "texture": "#side"},
				"west": {"uv": [0, 7, 16, 14], "texture": "#side"},
				"up": {"uv": [12, 2, 8, 6], "rotation": 180, "texture": "#side"}
			}
		},
		{
			"name": "left leg",
			"from": [0, 0, 13],
			"to": [3, 3, 16],
			"faces": {
				"north": {"uv": [0, 13, 3, 16], "texture": "#6"},
				"east": {"uv": [13, 13, 16, 16], "texture": "#6"},
				"south": {"uv": [0, 13, 3, 16], "texture": "#6"},
				"west": {"uv": [12, 13, 16, 16], "texture": "#6"},
				"down": {"uv": [0, 13, 3, 16], "texture": "#6"}
			}
		},
		{
			"name": "right leg",
			"from": [13, 0, 13],
			"to": [16, 3, 16],
			"faces": {
				"north": {"uv": [12, 13, 15, 16], "texture": "#6"},
				"east": {"uv": [13, 16, 16, 13], "rotation": 180, "texture": "#6"},
				"south": {"uv": [13, 13, 16, 16], "texture": "#6"},
				"west": {"uv": [0, 13, 3, 16], "texture": "#6"},
				"down": {"uv": [0, 13, 3, 16], "texture": "#6"}
			}
		},
		{
			"name": "bed head top",
			"from": [0, 9, 0],
			"to": [16, 9, 16],
			"faces": {
				"north": {"uv": [0, 0, 4, 0], "texture": "#particle"},
				"east": {"uv": [0, 0, 4, 0], "texture": "#particle"},
				"south": {"uv": [0, 0, 4, 0], "texture": "#particle"},
				"west": {"uv": [0, 0, 4, 0], "texture": "#particle"},
				"up": {"uv": [0, 16, 16, 0], "rotation": 90, "texture": "#particle"}
			}
		},
		{
			"name": "bed head end",
			"from": [0, 3, 16],
			"to": [16, 9, 16],
			"faces": {
				"east": {"uv": [15, 4, 16, 16], "texture": "#6"},
				"south": {"uv": [0, 7, 16, 13], "texture": "#6"},
				"west": {"uv": [0, 4, 1, 16], "texture": "#6"},
				"up": {"uv": [0, 0, 16, 1], "texture": "#6"},
				"down": {"uv": [0, 15, 16, 16], "texture": "#6"}
			}
		},
		{
			"name": "bed bottom",
			"from": [0, 3, 0],
			"to": [16, 3, 16],
			"faces": {
				"north": {"uv": [0, 0, 16, 16], "texture": "#5"},
				"east": {"uv": [0, 0, 3.25, 0], "texture": "#5"},
				"south": {"uv": [0, 0, 4, 0], "texture": "#5"},
				"west": {"uv": [0, 0, 3.25, 0], "texture": "#5"},
				"down": {"uv": [0, 0, 16, 16], "texture": "#5"}
			}
		}
	],
	"groups": [
		{
			"name": "bed_head",
			"origin": [8, 8, 8],
			"color": 0,
			"children": [
				{
					"name": "head",
					"origin": [0, 0, 0],
					"color": 0,
					"children": []
				}
			]
		},
		0,
		1,
		2,
		3,
		4,
		5
	]
}