{
	"credit": "Made with Blockbench",
	"textures": {
		"particle": "#texture"
	},
	"elements": [
		{
			"name": "Left-hand post",
			"from": [0, 5, 6.5],
			"to": [3, 16, 9.5],
			"faces": {
				"north": {"uv": [0, 0, 2, 11], "texture": "#texture"},
				"east": {"uv": [7, 0, 9, 11], "texture": "#texture"},
				"south": {"uv": [0, 0, 2, 11], "texture": "#texture"},
				"west": {"uv": [7, 0, 9, 11], "texture": "#texture", "cullface": "west"},
				"up": {"uv": [0, 7, 2, 9], "texture": "#texture"},
				"down": {"uv": [0, 7, 2, 9], "texture": "#texture"}
			}
		},
		{
			"name": "Right-hand post",
			"from": [13, 5, 6.5],
			"to": [16, 16, 9.5],
			"faces": {
				"north": {"uv": [14, 0, 16, 11], "texture": "#texture"},
				"east": {"uv": [7, 0, 9, 11], "texture": "#texture", "cullface": "east"},
				"south": {"uv": [14, 0, 16, 11], "texture": "#texture"},
				"west": {"uv": [7, 0, 9, 11], "texture": "#texture"},
				"up": {"uv": [14, 7, 16, 9], "texture": "#texture"},
				"down": {"uv": [14, 7, 16, 9], "texture": "#texture"}
			}
		},
		{
			"name": "Lower horizontal bar of left-hand gate door",
			"from": [3, 6, 6.5],
			"to": [8, 9, 9.5],
			"faces": {
				"north": {"uv": [2, 7, 6, 10], "texture": "#texture"},
				"south": {"uv": [2, 7, 6, 10], "texture": "#texture"},
				"up": {"uv": [2, 7, 6, 9], "texture": "#texture"},
				"down": {"uv": [2, 7, 6, 9], "texture": "#texture"}
			}
		},
		{
			"name": "Upper horizontal bar of left-hand gate door",
			"from": [3, 12, 6.5],
			"to": [8, 15, 9.5],
			"faces": {
				"north": {"uv": [2, 1, 6, 4], "texture": "#texture"},
				"south": {"uv": [2, 1, 6, 4], "texture": "#texture"},
				"up": {"uv": [2, 7, 6, 9], "texture": "#texture"},
				"down": {"uv": [2, 7, 6, 9], "texture": "#texture"}
			}
		},
		{
			"name": "Lower horizontal bar of right-hand gate door",
			"from": [8, 6, 6.5],
			"to": [13, 9, 9.5],
			"faces": {
				"north": {"uv": [10, 7, 14, 10], "texture": "#texture"},
				"south": {"uv": [10, 7, 14, 10], "texture": "#texture"},
				"up": {"uv": [10, 7, 14, 9], "texture": "#texture"},
				"down": {"uv": [10, 7, 14, 9], "texture": "#texture"}
			}
		},
		{
			"name": "Upper horizontal bar of right-hand gate door",
			"from": [8, 12, 6.5],
			"to": [13, 15, 9.5],
			"faces": {
				"north": {"uv": [10, 1, 14, 4], "texture": "#texture"},
				"south": {"uv": [10, 1, 14, 4], "texture": "#texture"},
				"up": {"uv": [10, 7, 14, 9], "texture": "#texture"},
				"down": {"uv": [10, 7, 14, 9], "texture": "#texture"}
			}
		}
	]
}