{
  "itemid": "minecraft:skull",
  "displayname": "§5Bladesoul (Miniboss)",
  "nbttag": "{SkullOwner:{Id:\"0e9463ed-9d9b-5931-a361-97015065b546\",Properties:{textures:[0:{Value:\"e3RleHR1cmVzOntTS0lOOnt1cmw6Imh0dHA6Ly90ZXh0dXJlcy5taW5lY3JhZnQubmV0L3RleHR1cmUvYTYzMDA5NGYyN2IxMWEyZTkwMmUyNmMxNmZlNWRmZTM1ZmI0OTMxYWI1Zjk0N2JiYzlhY2NhYjJlZTUwMTcwNCJ9fX0\u003d\"}]}},display:{Lore:[0:\"§7They also call themselves \\\"the\",1:\"§7Twins\\\".\",2:\"\",3:\"§c❤ Health§8: §c50,000,000\"],Name:\"§5Bladesoul (Miniboss)\"},ExtraAttributes:{id:\"BLADESOUL_MINIBOSS\"}}",
  "damage": 3,
  "lore": [
    "§7They also call themselves \"the",
    "§7Twins\".",
    "",
    "§c❤ Health§8: §c50,000,000"
  ],
  "internalname": "BLADESOUL_MINIBOSS",
  "clickcommand": "viewrecipe",
  "modver": "2.1.0-REL",
  "infoType": "WIKI_URL",
  "info": [
    "https://hypixel-skyblock.fandom.com/wiki/Bladesoul",
    "https://wiki.hypixel.net/Bladesoul"
  ],
  "x": -296,
  "y": 83,
  "z": -517,
  "island": "crimson_isle",
  "crafttext": "",
  "recipes": [
    {
      "name": "§8Bladesoul",
      "level": 200,
      "coins": 4000,
      "xp": 5000,
      "combat_xp": 4000,
      "render": "@neurepo:mobs/bladesoul.json",
      "type": "drops",
      "panorama": "crimson_isle",
      "drops": [
        {
          "id": "COAL:20",
          "chance": "100%"
        },
        {
          "id": "ENCHANTED_COAL:1",
          "chance": "50%"
        },
        {
          "id": "HALLOWED_SKULL:1",
          "chance": "100%"
        },
        {
          "id": "MAGMA_URCHIN:1",
          "chance": "2%"
        },
        {
          "id": "RAGNAROCK_AXE:1",
          "chance": "0.5%"
        },
        {
          "id": "DYE_CYCLAMEN",
          "chance": "0.0004%"
        }
      ]
    }
  ]
}
