{
  "itemid": "minecraft:skull",
  "displayname": "§9Blazen Sphere",
  "nbttag": "{HideFlags:254,SkullOwner:{Id:\"6d260188-c73e-3edd-b3b7-9e80999ad965\",Properties:{textures:[0:{Value:\"eyJ0ZXh0dXJlcyI6eyJTS0lOIjp7InVybCI6Imh0dHA6Ly90ZXh0dXJlcy5taW5lY3JhZnQubmV0L3RleHR1cmUvYjdkNTdiNWJjOWFiM2Y1M2VjOWNjMmY5NGI3MmMxMzRhY2RlODU1YTY0M2MyNWU1YTI2YzNlMGIyYTYwM2FkZCJ9fX0\u003d\"}]}},display:{Lore:[0:\"§8Reforge Stone\",1:\"§7§8Combinable in Reforge Anvil\",2:\"\",3:\"§7Applies the §9Blazing §7reforge when\",4:\"§7combined with equipment§7.\",5:\"\",6:\"§9Blazing §7(§6Legendary§7):\",7:\"§7Mining Fortune: §a+7\",8:\"§7Heat Resistance: §a+3\",9:\"\",10:\"§9Blazing Bonus\",11:\"§7For every §c§c1§c♨ Heat §7you have, gain a\",12:\"§7§a+0.05% §7chance to dig up §9Worms§7.\",13:\"\",14:\"§7Requires §aMining Skill Level XXVII§7!\",15:\"\",16:\"§9§lRARE REFORGE STONE\"],Name:\"§9Blazen Sphere\"},ExtraAttributes:{id:\"BLAZEN_SPHERE\"}}",
  "damage": 3,
  "lore": [
    "§8Reforge Stone",
    "§7§8Combinable in Reforge Anvil",
    "",
    "§7Applies the §9Blazing §7reforge when",
    "§7combined with equipment§7.",
    "",
    "§9Blazing §7(§6Legendary§7):",
    "§7Mining Fortune: §a+7",
    "§7Heat Resistance: §a+3",
    "",
    "§9Blazing Bonus",
    "§7For every §c§c1§c♨ Heat §7you have, gain a",
    "§7§a+0.05% §7chance to dig up §9Worms§7.",
    "",
    "§7Requires §aMining Skill Level XXVII§7!",
    "",
    "§9§lRARE REFORGE STONE"
  ],
  "internalname": "BLAZEN_SPHERE",
  "crafttext": "",
  "clickcommand": "",
  "modver": "",
  "infoType": "WIKI_URL",
  "info": [
    "https://wiki.hypixel.net/Blazen_Sphere"
  ]
}