{
  "sourceLabel": "cc62938",
  "regexes": {
    "actionbar.defense": ".*§a(?\u003cdefense\u003e[\\d,]+)§a❈.*",
    "actionbar.health": "§[c6](?\u003chealth\u003e[\\d,]+)/[\\d,]+❤.*",
    "actionbar.mana": ".*§b(?\u003cmana\u003e[\\d,]+)/[\\d,]+✎.*",
    "actionbar.rift.time": "§[a7](?\u003criftTime\u003e[\\dms ]+)ф.*",
    "actionbar.skyblock.xp": ".*(§b\\+\\d+ SkyBlock XP §.\\([^()]+\\)§b \\(\\d+/\\d+\\)).*",
    "api.skilldisplay.skill": "\\+(?\u003cgained\u003e[\\d.,]+) (?\u003cskillName\u003e\\w+) \\((?\u003ccurrent\u003e[\\d.,]+)/(?\u003cneeded\u003e[\\d.,]+)\\)",
    "api.skilldisplay.skill.multiplier": "\\+(?\u003cgained\u003e[\\d.,]+) (?\u003cskillName\u003e.+) \\((?\u003ccurrent\u003e[\\d.,]+)/(?\u003cneeded\u003e[\\d,.]+[kmb])\\)",
    "api.skilldisplay.skill.percent": "\\+(?\u003cgained\u003e[\\d.,]+) (?\u003cskillName\u003e.+) \\((?\u003cprogress\u003e[\\d.]+)%\\)",
    "api.skilldisplay.skill.tab": " (?\u003ctype\u003e\\w+)(?: (?\u003clevel\u003e\\d+))?: §r§a(?\u003cprogress\u003e[0-9.]+)%",
    "api.skilldisplay.skill.tab.max": " (?\u003ctype\u003e\\w+) (?\u003clevel\u003e\\d+): §r§c§lMAX",
    "api.skilldisplay.skill.tab.nopercent": " §r§a(?\u003ctype\u003e\\w+)(?: (?\u003clevel\u003e\\d+))?: §r§e(?\u003ccurrent\u003e[0-9,.]+)§r§6/§r§e(?\u003cneeded\u003e[0-9kmb]+)",
    "armorstand.default": "Armou?r Stand",
    "ashfang.freeze.cryogenic": "§cAshfang Follower\u0027s Cryogenic Blast hit you for .* damage!",
    "auction.outbid": "§6\\[Auction].*§eoutbid you by.*§e§lCLICK",
    "auctions.highlight.auction": "§7(?:Starting bid|Top bid): §6(?\u003ccoins\u003e.*) coins",
    "auctions.highlight.buyitnow": "§7Buy it now: §6(?\u003ccoins\u003e.*) coins",
    "auctions.underbid.allowedinventories": "Auctions Browser|Manage Auctions|Auctions: \".*\"?",
    "auctions.underbid.price": "§7(?:Buy it now|Starting bid|Top bid): §6(?\u003ccoins\u003e[0-9,]+) coins",
    "bazaar.cancelledorder.cancelledmessage": "§6\\[Bazaar] §r§7§r§cCancelled! §r§7Refunded §r§6(?\u003ccoins\u003e.*) coins §r§7from cancelling Buy Order!",
    "bazaar.cancelledorder.inventorytitle": "Order options",
    "bazaar.cancelledorder.lastamount": "(?:§6coins §7from |§6§7from |§7)§a(?\u003camount\u003e.*)§7x §7missing items\\.",
    "bazaar.cancelledorder.lastitemclicked": "§a§lBUY (?\u003cname\u003e.*)",
    "bazaar.orderhelper.filled": "§7Filled: §[a6].*§7/.* §a§l100%!",
    "bazaar.orderhelper.itemname": "§.§l(?\u003ctype\u003eBUY|SELL) (?\u003cname\u003e.*)",
    "bazaar.orderhelper.price": "§7Price per unit: §6(?\u003cnumber\u003e.*) coins",
    "bingo.card.goalcomplete": "§6§lBINGO GOAL COMPLETE! §r§e(?\u003cname\u003e.*)",
    "bingo.card.hiddengoal": ".*§7§eThe next hint will unlock in (?\u003ctime\u003e.*)",
    "bingo.card.percentage": " {2}§8Top §.(?\u003cpercentage\u003e.*)%",
    "bingo.card.tips.card": "Bingo Card",
    "bingo.card.tips.reward": "§.§.§7Reward",
    "bingo.card.tips.reward.contribution": "§.§.§7Contribution Rewards.*",
    "bingo.card.tips.row.name": "§o§.Row #.*",
    "bingo.compactchat.border": "§[e3]§l▬▬▬▬▬▬▬▬▬▬▬▬▬▬▬▬▬▬▬▬▬▬▬▬▬▬▬▬▬▬▬▬▬▬▬▬▬▬▬▬▬▬▬▬▬▬▬▬▬▬▬▬▬▬▬▬▬▬▬▬▬▬▬▬",
    "bingo.compactchat.health": " {3}§r§7§8\\+§a.* §c❤ Health",
    "bingo.compactchat.strength": " {3}§r§7§8\\+§a. §c❁ Strength",
    "bingo.detection.scoreboard": " §.Ⓑ §.Bingo",
    "bingo.minion.name": "(?\u003cname\u003e.*) Minion (?\u003cnumber\u003e.*)",
    "bingo.steps.collection": "Reach (?\u003camount\u003e[0-9]+(?:,\\d+)*) (?\u003cname\u003e.*) Collection\\.",
    "bingo.steps.crystal.found": " *§r§5§l✦ CRYSTAL FOUND §r§7\\(.§r§7/5§r§7\\)",
    "bingo.steps.crystal.obtain": "Obtain a (?\u003cname\u003e\\w+) Crystal in the Crystal Hollows\\.",
    "bingo.steps.crystal.obtained": " *§r§e(?\u003ccrystalName\u003eTopaz|Sapphire|Jade|Amethyst|Amber) Crystal",
    "bingo.steps.skill": "Obtain level (?\u003clevel\u003e.*) in the (?\u003cskill\u003e.*) Skill.",
    "chat.arachne.calling": "§4☄ §r.* §r§eplaced an §r§9Arachne\u0027s Calling§r§e!.*",
    "chat.arachne.crystal": "§4☄ §r.* §r§eplaced an Arachne Crystal! Something is awakening!",
    "chat.arachne.spawn": "§c\\[BOSS] Arachne§r§f: (?:The Era of Spiders begins now\\.|Ahhhh\\.\\.\\.A Calling\\.\\.\\.)",
    "chat.firesale": "§6§k§lA§r §c§lFIRE SALE §r§6§k§lA(?:\\n|.)*",
    "chat.jacobevent.accessory": "§e\\[NPC] Jacob§f: §rYour §9Anita\u0027s \\w+ §fis giving you §6\\+\\d{1,2}☘ .+ Fortune §fduring the contest!",
    "chat.player.death": "§c ☠ §r§7§r§.(?\u003cname\u003e.+)§r§7 (?\u003creason\u003e.+)",
    "chat.skymall.perk": "§eNew buff§r§r§r:(.*)",
    "combat.bestiary.data.overallprogress": "§7Overall Progress: §b[\\d.]+%(?: §7\\(§c§lMAX!§7\\))?",
    "combat.bestiary.data.progress": "(?\u003ccurrent\u003e[0-9kKmMbB,.]+)/(?\u003cneeded\u003e[0-9kKmMbB,.]+$)",
    "combat.bestiary.data.tierprogress": "§7Progress to Tier [\\dIVXC]+: §b[\\d.]+%",
    "combat.bestiary.data.title": "^(?:\\(\\d+/\\d+\\) )?(Bestiary|.+) ➜ (.+)$",
    "combat.ferocity.tab": " Ferocity: §r§c⫽(?\u003cstat\u003e.*)",
    "combat.ghostcounter.bestiary": ".*(?:§\\d|§\\w)+BESTIARY (?:§\\d|§\\w)+Ghost (?:§\\d|§\\w)(?\u003cpreviousLevel\u003e\\d+)➜(?:§\\d|§\\w)(?\u003cnextLevel\u003e\\d+).*",
    "combat.ghostcounter.combatsection": ".*[+](?\u003cgained\u003e[0-9,.]+) (?\u003cskillName\u003e[A-Za-z]+) \\((?\u003cprogress\u003e(?\u003ccurrent\u003e[0-9.,]+)/(?\u003ctotal\u003e[0-9.,]+)|(?\u003cpercent\u003e[0-9.]+)%)\\).*",
    "combat.ghostcounter.ghostxp": "(?\u003ccurrent\u003e\\d+(?:\\.\\d+)?(?:,\\d+)?[kK]?)/(?\u003ctotal\u003e\\d+(?:\\.\\d+)?(?:,\\d+)?[kKmM]?)",
    "combat.ghostcounter.killcomboexpired": "§cYour Kill Combo has expired! You reached a (?\u003ccombo\u003e.*) Kill Combo!",
    "combat.ghostcounter.skilllevel": ".*§e§lSkills: §r§a(?\u003cskillName\u003e.*) (?\u003cskillLevel\u003e\\d+).*",
    "combat.ghostcounter.skillxp": "[+](?\u003cgained\u003e[0-9,.]+) \\((?\u003ccurrent\u003e[0-9,.]+)(?:/(?\u003ctotal\u003e[0-9,.]+))?\\)",
    "combat.mobs.spawntime.arachne.crystal": "^☄ [a-z0-9_]{2,22} placed an arachne crystal! something is awakening!$",
    "combat.mobs.spawntime.arachne.fragment": "^☄ [a-z0-9_]{2,22} placed an arachne\u0027s calling! something is awakening! \\(4/4\\)$",
    "commands.viewrecipe": "\\/viewrecipe (?\u003citem\u003e.*)",
    "crimson.reputation.tablist": " §r§[cdea].*",
    "crimson.reputationhelper.quest.minibossamount": "(?:§7Kill the §c.+ §7|.*)miniboss §a(?\u003camount\u003e\\d) §7times?!",
    "crimson.volcano.tablistline": " *Volcano: (?\u003cstatus\u003e(?:§.)*\\S+)",
    "data.accessory.bagname.new": "Accessory Bag.*",
    "data.bits.chat.boostercookieate": "§eYou consumed a §6Booster Cookie§e!.*",
    "data.bits.chat.rankup.bits": "§eYou gained §3(?\u003camount\u003e.*) Bits Available §ecompounded from all your §epreviously eaten §6cookies§e! Click here to open §6cookie menu§e!",
    "data.bits.chat.rankup.rank": "[§\\w\\s]+FAME RANK UP (?:§.)+(?\u003crank\u003e.*)",
    "data.bits.gui.availablemenu": "§7Bits Available: §b(?\u003ctoClaim\u003e[\\d,]+)(§3.+)?",
    "data.bits.gui.bitsstack": "§bBits",
    "data.bits.gui.communityshopfamerank": "§7Fame Rank: §e(?\u003crank\u003e.*)",
    "data.bits.gui.cookieduration": "\\s*§7Duration: §a(?\u003ctime\u003e.*)",
    "data.bits.gui.cookiemenucookieactive": "(§7§cYou do not currently have a|§cBooster Cookie active!)",
    "data.bits.gui.famerankmenuname": "^(Community Shop|Booster Cookie)$",
    "data.bits.gui.famerankmenustack": "^(§aCommunity Shop|§eFame Rank)$",
    "data.bits.gui.mainmenuname": "^SkyBlock Menu$",
    "data.bits.gui.mainmenustack": "^§6Booster Cookie$",
    "data.bits.gui.sbmenufamerank": "§7Your rank: §e(?\u003crank\u003e.*)",
    "data.bits.gui.sbmenunocookieactive": " §7Status: §cNot active!",
    "data.bits.scoreboard": "^Bits: §b(?\u003camount\u003e[\\d,.]+).*$",
    "data.chat.player.coop": "§bCo-op \u003e (?\u003cauthor\u003e[^:]+)§f: (?\u003cmessage\u003e.*)",
    "data.chat.player.global": "(?:\\[(?\u003clevel\u003e\\d+)] )?(?\u003cauthor\u003e.+)(?\u003cchatColor\u003e§f|§7): (?\u003cmessage\u003e.*)",
    "data.chat.player.guild": "§2Guild \u003e (?\u003cauthor\u003e.+?)(?\u003cguildRank\u003e §e\\[\\w*])?§f: (?\u003cmessage\u003e.*)",
    "data.chat.player.itemshow": "(?:§8\\[(?\u003clevelColor\u003e§.)(?\u003clevel\u003e\\d+)§8] )?(?\u003cauthor\u003e.*)§f§7 (?\u003caction\u003eis (?:holding|friends with a|wearing)|has) (?\u003citemName\u003e.*)",
    "data.chat.player.name.emblem": "(?\u003cemblem\u003e(?:§.){0,2}.) (?\u003cauthor\u003e.*)",
    "data.chat.player.party": "§9Party §8\u003e (?\u003cauthor\u003e[^:]*)§f: (?\u003cmessage\u003e.*)",
    "data.chat.player.privateislandguest": "(?\u003cprefix\u003e.*)(?\u003cguest\u003e§a\\[✌] )(?\u003csuffix\u003e.*)",
    "data.chat.player.privateislandrank": "(?\u003cprefix\u003e.*?)(?\u003cprivateIslandRank\u003e§.\\[(?!MVP(§.\\++)?§.]|VIP\\+*|YOU§.TUBE|ADMIN|MOD|GM)[^]]+\\]) (?\u003csuffix\u003e.*)",
    "data.chat.player.privatemessage": "^(?!§eFrom stash: §r)(?\u003cdirection\u003eFrom|To) (?\u003cauthor\u003e[^:]*): (?\u003cmessage\u003e.*)",
    "data.collection.api.counter": ".* §e(?\u003camount\u003e.*)§6/.*",
    "data.collection.api.singlecounter": "§7Total Collected: §e(?\u003camount\u003e.*)",
    "data.collection.api.tierzero": "§7Progress to .* I: .*",
    "data.enchanting.inventory.experimentstable.book": "§9(?\u003cenchant\u003e.*)",
    "data.enchanting.inventory.experimentstable.gui": "Superpairs.*",
    "data.enchanting.inventory.experimentstable.ultrarare": "§d§kXX§5 ULTRA-RARE BOOK! §d§kXX",
    "data.entity.warping": "§7(?:Warping|Warping you to your SkyBlock island|Warping using transfer token|Finding player|Sending a visit request)\\.\\.\\.",
    "data.friends.add": "§aYou are now friends with (?\u003cname\u003e.*)",
    "data.friends.addbest": ".*\n(?\u003cname\u003e.*)§a is now a best friend!§r§9§m\n.*",
    "data.friends.rawname": "\\n§eClick here to view §.(?\u003cname\u003e.*)§e\u0027s profile",
    "data.friends.readfriends": "/viewprofile (?\u003cuuid\u003e.*)",
    "data.friends.remove": ".*\n§r§eYou removed §r(?\u003cname\u003e.*)§e from your friends list!§r§9§m\n.*",
    "data.friends.removebest": ".*\n§r(?\u003cname\u003e.*)§e is no longer a best friend!§r§9§m\n.*",
    "data.garden.milestone.crop": "§7Harvest §f(?\u003cname\u003e.*) §7on .*",
    "data.garden.milestone.total": "§7Total: §a(?\u003cname\u003e.*)",
    "data.garden.milestonefix.amount": ".*§e(?\u003chaving\u003e.*)§6/§e(?\u003cmax\u003e.*)",
    "data.hypixeldata.guesting.scoreboard": "SKYBLOCK GUEST",
    "data.hypixeldata.islandname": "(?:§.)*(Area|Dungeon): (?:§.)*(?\u003cisland\u003e.*)",
    "data.hypixeldata.lobbytype": "(?\u003clobbyType\u003e.*lobby)\\d+",
    "data.hypixeldata.playeramount": "^\\s*(?:§.)+Players (?:§.)+\\((?\u003camount\u003e\\d+)\\)\\s*$",
    "data.hypixeldata.playeramount.coop": "^\\s*(?:§.)*Coop (?:§.)*\\((?\u003camount\u003e\\d+)\\)\\s*$",
    "data.hypixeldata.playeramount.dungeonparty": "^\\s*(?:§.)+Party (?:§.)+\\((?\u003camount\u003e\\d+)\\)\\s*$",
    "data.hypixeldata.playeramount.guesting": "^\\s*(?:§.)*Guests (?:§.)*\\((?\u003camount\u003e\\d+)\\)\\s*$",
    "data.hypixeldata.scoreboard.title": "SK[YI]BLOCK(?: CO-OP| GUEST)?",
    "data.hypixeldata.scoreboard.visiting.amount": "\\s+§.✌ §.\\(§.(?\u003ccurrentamount\u003e\\d+)§./(?\u003cmaxamount\u003e\\d+)\\)",
    "data.hypixeldata.serverid.scoreboard": "§7\\d+/\\d+/\\d+ §8(?\u003cservertype\u003e[mM])(?\u003cserverid\u003e\\S+).*",
    "data.hypixeldata.serverid.tablist": " Server: §r§8(?\u003cserverid\u003e\\S+)",
    "data.hypixeldata.skyblock.area": "\\s*§(?\u003csymbol\u003e7⏣|5ф) §(?\u003ccolor\u003e.)(?\u003carea\u003e.*)",
    "data.hypixeldata.solo.profile.amount": "^\\s*(?:§.)*Island\\s*$",
    "data.itemmanager.diceroll": "§eYour §r§(5|6High Class )Archfiend Dice §r§erolled a §r§.(?\u003cnumber\u003e.)§r§e! Bonus: §r§.(?\u003chearts\u003e.*)❤",
    "data.kuudra.chat.complete": "§.\\s*(?:§.)*KUUDRA DOWN!",
    "data.kuudra.scoreboard.tier": " §7⏣ §cKuudra\u0027s Hollow §8\\(T(?\u003ctier\u003e.*)\\)",
    "data.maxwell.chat.power": "§eYou selected the §a(?\u003cpower\u003e.*) §e(power )?for your §aAccessory Bag§e!",
    "data.maxwell.chat.power.unlocked": "§eYour selected power was set to (?:§r)*§a(?\u003cpower\u003e.*)(?:§r)*§e!",
    "data.maxwell.collection.redstone.requirement": "(?:§.)*Requires (?:§.)*Redstone Collection I+(?:§.)*\\.",
    "data.maxwell.gui.noselectedpower": "(?:§.)*Visit Maxwell in the Hub to learn",
    "data.maxwell.gui.selectedpower": "§aPower is selected!",
    "data.maxwell.gui.thaumaturgy": "Accessory Bag Thaumaturgy",
    "data.maxwell.gui.thaumaturgy.data": "§(?\u003ccolor\u003e.)\\+(?\u003camount\u003e[^ ]+)(?\u003cicon\u003e.) (?\u003cname\u003e.+)",
    "data.maxwell.gui.thaumaturgy.magicalpower": "§7Total: §6(?\u003cmp\u003e[\\d.,]+) Magical Power",
    "data.maxwell.gui.thaumaturgy.start": "§7Your tuning:",
    "data.maxwell.gui.thaumaturgy.statstuning": "Stats Tuning",
    "data.maxwell.gui.yourbags": "Your Bags",
    "data.maxwell.inventory.magicalpower": "§7Magical Power: §6(?\u003cmp\u003e[\\d,]+)",
    "data.maxwell.inventory.power": "§7Selected Power: §a(?\u003cpower\u003e.*)",
    "data.maxwell.stack.accessorybag": "§.Accessory Bag",
    "data.maxwell.thaumaturgy.statstuning": "§7You have: .+ §7\\+ §(?\u003ccolor\u003e.)(?\u003camount\u003e[^ ]+) (?\u003cicon\u003e.)",
    "data.maxwell.tuningpoints.chat.autoassigned": "§aYour §r§eTuning Points §r§awere auto-assigned as convenience!",
    "data.miningapi.area.glacite": "Glacite Tunnels|Glacite Lake",
    "data.miningapi.cold.deathreset": "§c ☠ §r§7§r§.(?\u003cname\u003e.+)§r§7 (?\u003creason\u003e.+)",
    "data.miningapi.cold.reset": "§6The warmth of the campfire reduced your §r§b❄ Cold §r§6to §r§a0§r§6!|§c ☠ §r§7You froze to death§r§7.",
    "data.owninventory.chat.movedsacktoinventory": "§aMoved §r§e\\d* (?\u003cname\u003e.*)§r§a from your Sacks to your inventory.",
    "data.party.dungeonfinder.join": "§dParty Finder §f\u003e (?\u003cname\u003e.*?) §ejoined the dungeon group! \\(§[a-fA-F0-9].* Level \\d+§[a-fA-F0-9]\\)",
    "data.party.kuudrafinder.join": "§dParty Finder §f\u003e (?\u003cname\u003e.*?) §ejoined the group! \\(§[a-fA-F0-9]+Combat Level \\d+§e\\)",
    "data.party.members.list.withkind": "Party (?\u003ckind\u003eLeader|Moderators|Members): (?\u003cnames\u003e.*)",
    "data.party.members.start": "§6Party Members \\(\\d+\\)",
    "data.party.others.disband": ".* §ehas disbanded the party!",
    "data.party.others.disconnect": "(?\u003cname\u003e.*) §ewas removed from your party because they disconnected\\.",
    "data.party.others.inparty": "§eYou\u0027ll be partying with: (?\u003cnames\u003e.*)",
    "data.party.others.joined": "(?\u003cname\u003e.*) §ejoined the party\\.",
    "data.party.others.kicked": "(?\u003cname\u003e.*) §ehas been removed from the party\\.",
    "data.party.others.left": "(?\u003cname\u003e.*) §ehas left the party\\.",
    "data.party.others.offline": "§eKicked (?\u003cname\u003e.*) because they were offline\\.",
    "data.party.others.transfer.leave": "The party was transferred to (?\u003cnewowner\u003e.*) because (?\u003cname\u003e.*) left",
    "data.party.others.transfer.voluntary": "The party was transferred to (?\u003cnewowner\u003e.*) by .*",
    "data.party.you.joined": "§eYou have joined (?\u003cname\u003e.*)\u0027s? §eparty!",
    "data.party.you.kicked": "§eYou have been kicked from the party by .* §e",
    "data.purse.coins": "(§.)*(Piggy|Purse): §6(?\u003ccoins\u003e[\\d,.]+)( ?(§.)*\\([+-](?\u003cearned\u003e[\\d,.]+)\\)?|.*)?$",
    "data.purse.piggy": "Piggy: (?\u003ccoins\u003e.*)",
    "data.quiver.chat.addedtoquiver": "(?:§.)*You\u0027ve added (?:§.)*(?\u003ctype\u003e.*) x(?\u003camount\u003e.*) (?:§.)*to your quiver!",
    "data.quiver.chat.arrowreset": "§cYour favorite arrow has been reset!",
    "data.quiver.chat.cleared": "§aCleared your quiver!|§c§lYour quiver is now completely empty!",
    "data.quiver.chat.fillup": "§aYou filled your quiver with §f(?\u003cflintAmount\u003e.*) §aextra arrows!",
    "data.quiver.chat.fillupjax": "(?:§.)*Jax forged (?:§.)*(?\u003ctype\u003e.*?)(?:§.)* x(?\u003camount\u003e[\\d,]+)(?: (?:§.)*for (?:§.)*(?\u003ccoins\u003e[\\d,]+) Coins)?(?:§.)*!",
    "data.quiver.chat.ranout": "§c§lQUIVER! §cYou have run out of §f(?\u003ctype\u003e.*)s§c!",
    "data.quiver.chat.select": "§aYou set your selected arrow type to §.(?\u003carrow\u003e.*)§a!",
    "data.quiver.fakebows": "^(BOSS_SPIRIT_BOW|CRYPT_BOW)$",
    "data.quiver.quiver.inventory": "§7Active Arrow: §.(?\u003ctype\u003e.*) §7\\(§e(?\u003camount\u003e.*)§7\\)",
    "data.quiver.quivername": "^Quiver$",
    "data.sacks.gemstone": " §[0-9a-f](?\u003cgemrarity\u003e[A-z]*): §[0-9a-f](?\u003cstored\u003e\\d+(?:\\.\\d+)?(?:(?:,\\d+)?)+[kKmM]?)(?: §[0-9a-f]\\(\\d+(?:\\.\\d+)?(?:(?:,\\d+)?)+[kKmM]?\\))?",
    "data.sacks.number": "(?:(?:§[0-9a-f](?\u003clevel\u003eI{1,3})§7:)?|(?:§7Stored:)?) (?\u003ccolor\u003e§[0-9a-f])(?\u003cstored\u003e[0-9.,kKmMbB]+)§7/(?\u003ctotal\u003e\\d+(?:[0-9.,]+)?[kKmMbB]?)",
    "data.sacks.sack": "^(.* Sack|Enchanted .* Sack)$",
    "data.skill.actionbar": ".*§3\\+.* (?\u003cskill\u003e.*) \\((?\u003coverflow\u003e.*)/(?\u003cneeded\u003e.*)\\).*",
    "data.skill.inventory": ".* §e(?\u003cnumber\u003e.*)§6/.*",
    "diana.chat.burrow.dug": "(§eYou dug out a Griffin Burrow!|§eYou finished the Griffin burrow chain!) .*",
    "diana.chat.coins": "§6§lWow! §r§eYou dug out §r§6(?\u003ccoins\u003e.*) coins§r§e!",
    "diana.waypoints.died": "(?\u003cparty\u003e§9Party §8\u003e )?(?\u003cplayerName\u003e.*)§f: §rInquisitor dead!",
    "diana.waypoints.inquisitor.dug": ".* §r§eYou dug out a §r§2Minos Inquisitor§r§e!",
    "diana.waypoints.party.inquisitorchecker": "(?\u003cparty\u003e§9Party §8\u003e )?(?\u003cplayerName\u003e.+)§f: §rA MINOS INQUISITOR has spawned near \\[(?\u003carea\u003e.*)] at Coords (?\u003cx\u003e[^ ]+) (?\u003cy\u003e[^ ]+) (?\u003cz\u003e[^ ]+)",
    "diana.waypoints.party.onlycoords": "(?\u003cparty\u003e§9Party §8\u003e )?(?\u003cplayerName\u003e.+)§f: §rx: (?\u003cx\u003e[^ ,]+),? y: (?\u003cy\u003e[^ ,]+),? z: (?\u003cz\u003e[^ ,]+)",
    "dungeon.architectsdraft.puzzle.fail.normal": "(?:§c§lPUZZLE FAIL!|§4) §.§.(?\u003cname\u003e\\S*) .*",
    "dungeon.architectsdraft.puzzle.fail.quiz": "§4\\[STATUE] Oruo the Omniscient§r§f: (?:§.)*(?\u003cname\u003e\\S*) (?:§.)*chose the wrong .*",
    "dungeon.blessings": "§r§r§fBlessing of (?\u003ctype\u003e\\w+) (?\u003camount\u003e\\w+)§r",
    "dungeon.complete": "§.\\s+§.§.(?:The|Master Mode) Catacombs §.§.- §.§.(?:Floor )?(?\u003cfloor\u003eM?[IV]{1,3}|Entrance)",
    "dungeon.copilot.blood.door": "§cThe §r§c§lBLOOD DOOR§r§c has been opened!",
    "dungeon.copilot.countdown": "(.*) has started the dungeon countdown. The dungeon will begin in 1 minute.",
    "dungeon.copilot.wither.door": "(.*) opened a §r§8§lWITHER §r§adoor!",
    "dungeon.croesus.chest.floor": "§7Tier: §eFloor (?\u003cfloor\u003e[IV]+)",
    "dungeon.croesus.chest.master": ".*Master.*",
    "dungeon.croesus.chest.state.keyused": "§aNo more Chests to open!",
    "dungeon.croesus.chest.state.opened": "§8Opened Chest:.*",
    "dungeon.croesus.chest.state.unopened": "§8No Chests Opened!",
    "dungeon.croesus.empty": "§cNo treasures!",
    "dungeon.croesus.inventory": "Croesus",
    "dungeon.croesus.kismet.reroll": "§aReroll Chest",
    "dungeon.croesus.kismet.used": "§aYou already rerolled a chest!",
    "dungeon.end.chests.spawned": "(?:§f)?( *)§r§c(The|Master Mode) Catacombs §r§8- §r§eFloor (.*)",
    "dungeon.finder.carry": "(?i).*(CARRY|CARY|CARRIES|CARIES|COMP|TO CATA [0-9]{2}).*",
    "dungeon.finder.catacombs.gate": "(Catacombs Gate)",
    "dungeon.finder.check.if.party": ".*(\u0027s Party)",
    "dungeon.finder.class.level": " §.(?\u003cplayerName\u003e.*)§f: §e(?\u003cclassName\u003e.*)§b \\(§e(?\u003clevel\u003e.*)§b\\)",
    "dungeon.finder.detect.dungeon.class": "§7View and select a dungeon class.",
    "dungeon.finder.entrance": "(.*Entrance)",
    "dungeon.finder.floor": "(Floor .*)",
    "dungeon.finder.floor.any": "(Any)",
    "dungeon.finder.floor.dungeon": "(Dungeon: .*)",
    "dungeon.finder.floor.mastermode": "(MM )|(.*Master Mode Catacombs)",
    "dungeon.finder.floor.number": ".* (?\u003cfloorNum\u003e[IV\\d]+)",
    "dungeon.finder.floor.pattern": "(Floor: .*)",
    "dungeon.finder.floor.type": "(The Catacombs).*|.*(MM Catacombs).*",
    "dungeon.finder.get.dungeon.class": ".* (?\u003cclass\u003e.*)",
    "dungeon.finder.ineligible": "§c(Requires .*$|You don\u0027t meet the requirement!|Complete previous floor first!$)",
    "dungeon.finder.member": ".*§.(?\u003cplayerName\u003e.*)§f: §e(?\u003cclassName\u003e.*)§b \\(§e(?\u003clevel\u003e.*)§b\\)",
    "dungeon.finder.nonpug": "(?i).*(PERM|VC|DISCORD).*",
    "dungeon.finder.note": "§7§7Note: §f(?\u003cnote\u003e.*)",
    "dungeon.finder.party.finder.title": "(Party Finder)",
    "dungeon.finder.price": "(?i).*([0-9]{2,3}K|[0-9]{1,3}M|[0-9]+\\.[0-9]M|[0-9] ?MIL).*",
    "dungeon.finder.select.floor": "(Select Floor)",
    "dungeon.milestone": "§e§l.*Milestone §r§e.§r§7: You have (?:tanked and )?(?:dealt|healed) §r§.*§r§7.*so far! §r§a.*",
    "dungeon.noblessings": "§r§r§7No Buffs active. Find them by exploring the Dungeon!§r",
    "dungeon.race.active": "§.§.(?\u003crace\u003e[\\w ]+) RACE §.[\\d:.]+",
    "dungeon.room": "§7\\d+\\/\\d+\\/\\d+ §\\w+ (?\u003croomId\u003e[\\w,-]+)",
    "dungeon.tablist.rank": "^(?:§.)*(?\u003csbLevel\u003e\\[(?:§.)*\\d+(?:§.)*]) (?\u003crank\u003e(?:§.)*\\[(?:§.)*[^]]+(?:§.)*])? ?(?\u003cplayerName\u003e\\S+) (?\u003csymbols\u003e[^(]*)\\((?:§.)*(?\u003cclassName\u003e\\S+) (?\u003cclassLevel\u003e[CLXVI]+)(?:§.)*\\)(?:§.)*$",
    "event.diana.mythological.tracker.gaiaconstruct": ".* §r§eYou dug out a §r§2Gaia Construct§r§e!",
    "event.diana.mythological.tracker.minoschampion": ".* §r§eYou dug out a §r§2Minos Champion§r§e!",
    "event.diana.mythological.tracker.minoshunter": ".* §r§eYou dug out a §r§2Minos Hunter§r§e!",
    "event.diana.mythological.tracker.minosinquisitor": ".* §r§eYou dug out a §r§2Minos Inquisitor§r§e!",
    "event.diana.mythological.tracker.minotaur": ".* §r§eYou dug out a §r§2Minotaur§r§e!",
    "event.diana.mythological.tracker.siameselynxes": ".* §r§eYou dug out §r§2Siamese Lynxes§r§e!",
    "event.jerry.frozentreasure.compact": "COMPACT! You found an Enchanted Ice!",
    "event.jerry.frozentreasure.item.einaryredhoodie": "FROZEN TREASURE! You found Einary\u0027s Red Hoodie!",
    "event.jerry.frozentreasure.item.enchantedice": "FROZEN TREASURE! You found Enchanted Ice!",
    "event.jerry.frozentreasure.item.enchantedpackedice": "FROZEN TREASURE! You found Enchanted Packed Ice!",
    "event.jerry.frozentreasure.item.frozenbait": "FROZEN TREASURE! You found Frozen Bait!",
    "event.jerry.frozentreasure.item.glacialfragment": "FROZEN TREASURE! You found Glacial Fragment!",
    "event.jerry.frozentreasure.item.glacialtalisman": "FROZEN TREASURE! You found Glacial Talisman!",
    "event.jerry.frozentreasure.item.glowychumbait": "FROZEN TREASURE! You found Glowy Chum Bait!",
    "event.jerry.frozentreasure.item.greengift": "FROZEN TREASURE! You found Green Gift!",
    "event.jerry.frozentreasure.item.icebait": "FROZEN TREASURE! You found Ice Bait!",
    "event.jerry.frozentreasure.item.packedice": "FROZEN TREASURE! You found Packed Ice!",
    "event.jerry.frozentreasure.item.redgift": "FROZEN TREASURE! You found Red Gift!",
    "event.jerry.frozentreasure.item.whitegift": "FROZEN TREASURE! You found White Gift!",
    "event.lobby.waypoint.presents.found": "§aYou found a.*present! §r§e\\(§r§b\\d+§r§e/§r§b\\d+§r§e\\)",
    "event.lobby.waypoint.presents.foundall": "§aCongratulations! You found all the presents in every lobby!",
    "event.lobby.waypoint.presents.foundalready": "§cYou have already found this present!",
    "event.winter.drank.jyrre": "§aYou drank a §r§6Refined Bottle of Jyrre §r§aand gained §r§b\\+300✎ Intelligence §r§afor §r§b60 minutes§r§a!",
    "event.winter.newyearcake.reminder.sidebar": "§dNew Year Event!§f (?\u003ctime\u003e.*)",
    "event.winter.uniquegifts.gifted": "§6\\+1 Unique Gift given! To ([^§]+)§r§6!",
    "event.winter.uniquegifts.giftname": "(?:WHITE|RED|GREEN)_GIFT$",
    "event.winter.uniqugifts.counter.amount": "§7Unique Players Gifted: §a(?\u003camount\u003e.*)",
    "fame.projects.completed": "§aProject is (?:being built|released)!",
    "fame.projects.contribute": "§7Contribute again: §e(?\u003ctime\u003e.*)",
    "fame.upgrades.account": "§8Account Upgrade",
    "fame.upgrades.claimed": "§eYou claimed the §r§a(?\u003cupgrade\u003e.+) §r§eupgrade!",
    "fame.upgrades.duration": "§8Duration: (?\u003cduration\u003e.+)",
    "fame.upgrades.profile": "§8Profile Upgrade",
    "fame.upgrades.started": "§eYou started the §r§a(?\u003cupgrade\u003e.+) §r§eupgrade!",
    "fame.upgrades.upgrade": "§eClick to start upgrade!",
    "features.gui.customscoreboard.scoreboard.combat.bossdamage": "^Your Damage: §c(,?\\d{1,3}(\\.\\d)?)*$",
    "features.gui.customscoreboard.scoreboard.combat.bosshp": "^(Protector|Dragon) HP: §a(,?\\d{1,3})* §c❤$",
    "features.gui.customscoreboard.scoreboard.combat.broodmother": "^§4Broodmother§7: §[e64](Slain|Dormant|Soon|Awakening|Imminent|Alive!)$",
    "features.gui.customscoreboard.scoreboard.combat.damagesoaked": "^§7Damage Soaked:",
    "features.gui.customscoreboard.scoreboard.combat.killmagmas": "^§6Kill the Magmas:$",
    "features.gui.customscoreboard.scoreboard.combat.killmagmasbar": "^((§.)*▎+)+.*$",
    "features.gui.customscoreboard.scoreboard.combat.magmaboss": "^§7Boss: §[c6e]\\d{1,3}%$",
    "features.gui.customscoreboard.scoreboard.combat.magmabosshealth": "^§7Boss Health:$",
    "features.gui.customscoreboard.scoreboard.combat.magmabosshealthbar": "^§.(\\d{1,2}(\\.\\d)?M|\\d{1,3}k)§f/§a10M§c❤$",
    "features.gui.customscoreboard.scoreboard.combat.magmachamber": "^Magma Chamber$",
    "features.gui.customscoreboard.scoreboard.combat.magmareforming": "^§cThe boss is (?:re)?forming!$",
    "features.gui.customscoreboard.scoreboard.combat.slayerquest": "^Slayer Quest$",
    "features.gui.customscoreboard.scoreboard.dungeon.cleared": "(§.)*Cleared: (§.)*(?\u003cpercent\u003e[\\w,.]+)% (§.)*\\((§.)*(?\u003cscore\u003e[\\w,.]+)(§.)*\\)$",
    "features.gui.customscoreboard.scoreboard.dungeon.floor3guardians": "§. - §.(?:Healthy|Reinforced|Laser|Chaos)§a [\\w,.]*(?:§c❤)?",
    "features.gui.customscoreboard.scoreboard.dungeon.keys": "Keys: §.■ §.[✗✓] §.■ §a.x$",
    "features.gui.customscoreboard.scoreboard.dungeon.m7dragons": "^(§cNo Alive Dragons|§8- (?:§.)+[\\w\\s]+Dragon§a [\\w,.]+§.❤)$",
    "features.gui.customscoreboard.scoreboard.dungeon.solo": "§3§lSolo$",
    "features.gui.customscoreboard.scoreboard.dungeon.teammates": "(§.)*(?\u003cclassAbbv\u003e\\[\\w]) (§.)*(?\u003cusername\u003e[a-zA-Z0-9_]{2,16}) ((§.)*(?\u003cclassLevel\u003e\\[Lvl?(?\u003clevel\u003e[\\w,.]+)?]?)|(§.)*(?\u003chealth\u003e[\\w,.]+)(§.)*.?)$",
    "features.gui.customscoreboard.scoreboard.events.newyear": "§dNew Year Event!§f \\d{0,2}?:?\\d{2}$",
    "features.gui.customscoreboard.scoreboard.events.spooky": "§6Spooky Festival§f \\d{0,2}?:?\\d{2}$",
    "features.gui.customscoreboard.scoreboard.events.travelingzoo": "§aTraveling Zoo§f \\d{0,2}:\\d{2}$",
    "features.gui.customscoreboard.scoreboard.events.wintereventcubedmg": "(§.)*Your Cube Damage: §.\\d+$",
    "features.gui.customscoreboard.scoreboard.events.wintereventmagmaleft": "(§.)*Magma Cubes Left: §.\\d+$",
    "features.gui.customscoreboard.scoreboard.events.wintereventnextwave": "(§.)*Next Wave: (§.)*(\\d+:\\d+|Soon!)$",
    "features.gui.customscoreboard.scoreboard.events.wintereventstart": "(§.)*Event Start: §.\\d+:\\d+$",
    "features.gui.customscoreboard.scoreboard.events.wintereventtotaldmg": "(§.)*Your Total Damage: §.\\d+.*$",
    "features.gui.customscoreboard.scoreboard.events.wintereventwave": "(§.)*Wave \\d+$",
    "features.gui.customscoreboard.scoreboard.farming.cleanup": "^\\s*(§.)*Cleanup(§.)*: (§.)*[\\d,.]*%?$",
    "features.gui.customscoreboard.scoreboard.farming.jacobscontest": "^§eJacob\u0027s Contest$",
    "features.gui.customscoreboard.scoreboard.farming.locked": "^\\s*§cLocked$",
    "features.gui.customscoreboard.scoreboard.farming.medals": "§[6fc]§l(GOLD|SILVER|BRONZE) §fmedals: §[6fc]\\d+$",
    "features.gui.customscoreboard.scoreboard.farming.moblocation": "^(§.)*Tracker Mob Location:",
    "features.gui.customscoreboard.scoreboard.farming.pasting": "^\\s*§f(Barn )?Pasting§7: (§.)*[\\d,.]+%?$",
    "features.gui.customscoreboard.scoreboard.farming.pelts": "^(§.)*Pelts: (§.)*([\\d,]+).*$",
    "features.gui.customscoreboard.scoreboard.farming.plot": "\\s*§aPlot §7-.*",
    "features.gui.customscoreboard.scoreboard.kuudra.submerges": "^(§.)*Submerges In: (§.)*[\\w,?:]+$",
    "features.gui.customscoreboard.scoreboard.kuudra.tokens": "^(§.)*Tokens: §.[\\w,]+$",
    "features.gui.customscoreboard.scoreboard.kuudra.wave": "^(§.)*Wave: (§.)*\\d+(§.)*( §.- §.\\d+:\\d+)?$",
    "features.gui.customscoreboard.scoreboard.main.cold": "^(?:§.)*Cold: §.(?\u003ccold\u003e-?\\d+)❄$",
    "features.gui.customscoreboard.scoreboard.main.copper": "^(§.)*Copper: (§.)*(?\u003ccopper\u003e[\\d,]+).*$",
    "features.gui.customscoreboard.scoreboard.main.date": "^\\s*(Late |Early )?(Spring|Summer|Autumn|Winter) \\d{1,2}(st|nd|rd|th)?.*",
    "features.gui.customscoreboard.scoreboard.main.footer": "§e(www|alpha).hypixel.net$",
    "features.gui.customscoreboard.scoreboard.main.heat": "^Heat: (?\u003cheat\u003e.*)$",
    "features.gui.customscoreboard.scoreboard.main.lobbycode": "^\\s*§.((\\d{2}/\\d{2}/\\d{2})|Server closing: [\\d:]+) §8(?\u003ccode\u003e.*)$",
    "features.gui.customscoreboard.scoreboard.main.location": "^\\s*(?\u003clocation\u003e(§7⏣|§5ф) .*)$",
    "features.gui.customscoreboard.scoreboard.main.motes": "^(§.)*Motes: (§.)*(?\u003cmotes\u003e[\\d,]+).*$",
    "features.gui.customscoreboard.scoreboard.main.northstars": "North Stars: §d(?\u003cnorthstars\u003e[\\w,]+).*$",
    "features.gui.customscoreboard.scoreboard.main.profiletype": "^\\s*(§7♲ §7Ironman|§a☀ §aStranded|§.Ⓑ §.Bingo).*$",
    "features.gui.customscoreboard.scoreboard.main.time": "^\\s*§7\\d{1,2}:\\d{2}(?:am|pm)\\s*(?\u003csymbol\u003e(§b☽|§e☀|§.⚡|§.☔))?.*$",
    "features.gui.customscoreboard.scoreboard.main.votes": "(?\u003cvotes\u003e§[caebd]\\|+(§f)?\\|+ §(.+)$)",
    "features.gui.customscoreboard.scoreboard.main.waitingforvote": "(§7Waiting for|§7your vote\\.\\.\\.)$",
    "features.gui.customscoreboard.scoreboard.main.yearvotes": "(?\u003cyearvotes\u003e^§6Year \\d+ Votes$)",
    "features.gui.customscoreboard.scoreboard.mining.fortunatefreezing.bonus": "Event Bonus: §6\\+\\d+☘",
    "features.gui.customscoreboard.scoreboard.mining.fossildust": "Fossil Dust: §f[\\d.,]+.*",
    "features.gui.customscoreboard.scoreboard.mining.mineshaft.notstarted": "(?:§.)*Not started.*",
    "features.gui.customscoreboard.scoreboard.mining.miningevent": "^Event: §.§L.*$",
    "features.gui.customscoreboard.scoreboard.mining.miningeventzone": "^Zone: §.*$",
    "features.gui.customscoreboard.scoreboard.mining.mithrilremaining": "^Remaining: §a(\\d+ Tasty Mithril|FULL)$",
    "features.gui.customscoreboard.scoreboard.mining.mithriluseless": "^§7Give Tasty Mithril to Don!$",
    "features.gui.customscoreboard.scoreboard.mining.mithrilyourmithril": "^Your Tasty Mithril: §c\\d+.*$",
    "features.gui.customscoreboard.scoreboard.mining.nearbyplayers": "^Nearby Players: §.(\\d+|N/A)$",
    "features.gui.customscoreboard.scoreboard.mining.powder": "(?:§.)*᠅ (?:§.)(?\u003ctype\u003eGemstone|Mithril|Glacite)(?: Powder)?(?:§.)*:? (?:§.)*(?\u003camount\u003e[\\d,.]*)",
    "features.gui.customscoreboard.scoreboard.mining.powdergreedy": "(?:§.)*᠅ (?:§.)(?\u003ctype\u003eGemstone|Mithril|Glacite)(?: Powder)?.*$",
    "features.gui.customscoreboard.scoreboard.mining.rafflepool": "^Pool: §6\\d+§8/500$",
    "features.gui.customscoreboard.scoreboard.mining.raffletickets": "^Tickets: §a\\d+ §7\\(\\d{1,3}\\.\\d%\\)$",
    "features.gui.customscoreboard.scoreboard.mining.raffleuseless": "^(Find tickets on the|ground and bring them|to the raffle box)$",
    "features.gui.customscoreboard.scoreboard.mining.remaininggoblin": "^Remaining: §a\\d+ goblins$",
    "features.gui.customscoreboard.scoreboard.mining.uselessgoblin": "^§7Kill goblins!$",
    "features.gui.customscoreboard.scoreboard.mining.windcompass": "§9Wind Compass$",
    "features.gui.customscoreboard.scoreboard.mining.windcompassarrow": "( )*((§[a-zA-Z0-9]|[⋖⋗≈])+)( )*((§[a-zA-Z0-9]|[⋖⋗≈])+)?( )*",
    "features.gui.customscoreboard.scoreboard.mining.yourgoblin": "^Your kills: §c\\d+ ☠( §a\\(\\+\\d+\\))?$",
    "features.gui.customscoreboard.scoreboard.misc.darkauction.currentitem": "^Current Item:$",
    "features.gui.customscoreboard.scoreboard.misc.dojochallenge": "^(§.)*Challenge: (§.)*(?\u003cchallenge\u003e[\\w ]+)$",
    "features.gui.customscoreboard.scoreboard.misc.dojodifficulty": "^(§.)*Difficulty: (§.)*(?\u003cdifficulty\u003e[\\w ]+)$",
    "features.gui.customscoreboard.scoreboard.misc.dojopoints": "^(§.)*Points: (§.)*[\\w.]+ ?(§7\\(§.*§7\\))?$",
    "features.gui.customscoreboard.scoreboard.misc.dojotime": "^(§.)*Time: (§.)*[\\w.]+( §7\\(§.*§7\\))?$",
    "features.gui.customscoreboard.scoreboard.misc.essence": "^\\s*.*Essence: §.(?\u003cessence\u003e-?\\d+(:?,\\d{3})*(?:\\.\\d+)?)$",
    "features.gui.customscoreboard.scoreboard.misc.flightduration": "^\\s*Flight Duration: §a(:?\\d{1,3})*$",
    "features.gui.customscoreboard.scoreboard.misc.objective": "^(§.)*(Objective|Quest).*",
    "features.gui.customscoreboard.scoreboard.misc.queued": "Queued:.*",
    "features.gui.customscoreboard.scoreboard.misc.queueposition": "Position: (?:§.)*#\\d+ (?:§.)*Since: (?:§.)*.*",
    "features.gui.customscoreboard.scoreboard.misc.redstone": "\\s*(§.)*⚡ §cRedstone: (§.)*\\d{1,3}%$",
    "features.gui.customscoreboard.scoreboard.misc.thirdobjectiveline": "(\\s*§.\\(§.\\w+§./§.\\w+§.\\)|§f Mages.*|§f Barbarians.*|§edefeat Kuudra|§eand stun him)",
    "features.gui.customscoreboard.scoreboard.misc.visiting": "^\\s*§a✌ §7\\(§.\\d+(§.)?/\\d+(§.)?\\)$",
    "features.gui.customscoreboard.scoreboard.misc.wtfarethoselines": "^(§eMine \\d+ .*|§eKill 100 Automatons|§eFind a Jungle Key|§eFind the \\d+ Missing Pieces?|§eTalk to the Goblin King)$",
    "features.gui.customscoreboard.scoreboard.multiuse.autoclosing": "(§.)*Auto-closing in: §c(\\d{1,2}:)?\\d{1,2}$",
    "features.gui.customscoreboard.scoreboard.multiuse.instanceshutdown": "(§.)*Instance Shutdown In: (§.)*(?\u003ctime\u003e(\\w+[ydhms] ?)+)$",
    "features.gui.customscoreboard.scoreboard.multiuse.startingin": "(§.)*Starting in: §.(\\d{1,2}:)?\\d{1,2}$",
    "features.gui.customscoreboard.scoreboard.multiuse.timeelapsed": "(§.)*Time Elapsed: (§.)*(?\u003ctime\u003e(\\w+[ydhms] ?)+)$",
    "features.gui.customscoreboard.scoreboard.multiuse.timeleft": "(§.)*Time Left: (§.)*[\\w:,.]*$",
    "features.gui.customscoreboard.scoreboard.rift.aveikx": "Time spent sitting|with Ävaeìkx: .*",
    "features.gui.customscoreboard.scoreboard.rift.clues": "Clues: §.\\d+/\\d+",
    "features.gui.customscoreboard.scoreboard.rift.dimension": "^\\s*§fRift Dimension$",
    "features.gui.customscoreboard.scoreboard.rift.hayeaten": "^Hay Eaten: §.[\\d,.]+/[\\d,.]+$",
    "features.gui.customscoreboard.scoreboard.rift.hotdogeaten": "^Eaten: §.\\d+\\/\\d+$",
    "features.gui.customscoreboard.scoreboard.rift.hotdogtitle": "^§6Hot Dog Contest$",
    "features.gui.customscoreboard.tablist.bank": "^\\s*Bank: §6(?\u003cbank\u003e[\\w.,]+(?:§7 \\/ §6(?\u003ccoop\u003e[\\w.,]+))?)$",
    "features.gui.customscoreboard.tablist.event": "^\\s*§e§lEvent: §r(?\u003cname\u003e§.*)$",
    "features.gui.customscoreboard.tablist.eventtime": "^\\s+Ends In: §r§e(?\u003ctime\u003e.*)$",
    "features.gui.customscoreboard.tablist.eventtimestarts": "^\\s+Starts In: §r§e(?\u003ctime\u003e.*)$",
    "features.gui.customscoreboard.tablist.gems": "^\\s*Gems: §a(?\u003cgems\u003e\\d*,?(\\.\\d+)?[a-zA-Z]?)$",
    "features.gui.customscoreboard.tablist.gemstonepowder": "^\\s*Gemstone(?: Powder)?: (?:§.)+(?\u003cgemstonepowder\u003e[\\d,\\.]+)$",
    "features.gui.customscoreboard.tablist.glacitepowder": "^\\s*Glacite(?: Powder)?: (?:§.)+(?\u003cglacitepowder\u003e[\\d,\\.]+)$",
    "features.gui.customscoreboard.tablist.mithrilpowder": "^\\s*Mithril(?: Powder)?: (?:§.)+(?\u003cmithrilpowder\u003e[\\d,\\.]+)$",
    "features.misc.serverrestart.greedy": "§cServer closing.*",
    "features.misc.serverrestart.time": "§cServer closing: (?\u003cminutes\u003e\\d+):(?\u003cseconds\u003e\\d+) ?§8.*",
    "fishing.totemofcorruption.owner": "§7Owner: §e(?\u003cowner\u003e.+)",
    "fishing.totemofcorruption.timeremaining": "§7Remaining: §e(?:(?\u003cmin\u003e\\d+)m )?(?\u003csec\u003e\\d+)s",
    "fishing.totemofcorruption.totemname": "§5§lTotem of Corruption",
    "fishing.tracker.chat.coins": ".* CATCH! §r§bYou found §r§6(?\u003ccoins\u003e.*) Coins§r§b\\.",
    "fishing.trophy.trophyfish": "§6§lTROPHY FISH! §r§bYou caught an? §r(?\u003cdisplayName\u003e§[0-9a-f](?:§k)?[\\w -]+) §r(?\u003cdisplayRarity\u003e§[0-9a-f]§l\\w+)§r§b\\.",
    "fishing.trophyfishing.armor": "(BRONZE|SILVER|GOLD|DIAMOND)_HUNTER_(HELMET|CHESTPLATE|LEGGINGS|BOOTS)",
    "garden.armordrops.armor": "(FERMENTO|CROPIE|SQUASH|MELON)_(LEGGINGS|CHESTPLATE|BOOTS|HELMET)",
    "garden.barn.skin.change": "§aChanging Barn skin to §r.*",
    "garden.composter.inventory.numbers.amount": "§7§7Compost Available: §a(?\u003camount\u003e.*)",
    "garden.composter.inventory.numbers.value": ".* §e(?\u003chaving\u003e.*)§6/(?\u003ctotal\u003e.*)",
    "garden.cropmilestone.fix.levelup": " {2}§r§b§lGARDEN MILESTONE §3(?\u003ccrop\u003e.*) §8.*➜§3(?\u003ctier\u003e.*)",
    "garden.cropmilestone.fix.pests.raredrop": "§6§lRARE DROP! (?:§.)*(?\u003citem\u003e.+) §6\\(§6\\+.*☘\\)",
    "garden.cropmilestone.fix.tablist": " (?\u003ccrop\u003eWheat|Carrot|Potato|Pumpkin|Sugar Cane|Melon|Cactus|Cocoa Beans|Mushroom|Nether Wart) (?\u003ctier\u003e\\d+): §r§a(?\u003cpercentage\u003e.*)%",
    "garden.cropupgrades.chatupgrade": "\\s+§r§6§lCROP UPGRADE §e(?\u003ccrop\u003e[\\w ]+)§7 #(?\u003ctier\u003e\\d)",
    "garden.cropupgrades.tier": "§7Current Tier: §.(?\u003clevel\u003e\\d)§7/§a9",
    "garden.dicer.melon.crazyrare": "§d§lCRAZY RARE DROP! §r§eDicer dropped §r§[a|9](\\d+)x §r§[a|9]Enchanted Melon(?: Block)?§r§e!",
    "garden.dicer.melon.rare": "§9§lRARE DROP! §r§eDicer dropped §r§a(\\d+)x §r§aEnchanted Melon§r§e!",
    "garden.dicer.melon.rngesus": "§5§lPRAY TO RNGESUS DROP! §r§eDicer dropped §r§9(\\d+)x §r§9Enchanted Melon Block§r§e!",
    "garden.dicer.melon.uncommon": "§a§lUNCOMMON DROP! §r§eDicer dropped §r§a(\\d+)x §r§aEnchanted Melon§r§e!",
    "garden.dicer.pumpkin.crazyrare": "§d§lCRAZY RARE DROP! §r§eDicer dropped §r§a(\\d+)x §r§aEnchanted Pumpkin§r§e!",
    "garden.dicer.pumpkin.rare": "§9§lRARE DROP! §r§eDicer dropped §r§a(\\d+)x §r§aEnchanted Pumpkin§r§e!",
    "garden.dicer.pumpkin.rngesus": "§5§lPRAY TO RNGESUS DROP! §r§eDicer dropped §r§[a|9](\\d+)x §r§(aEnchanted|9Polished) Pumpkin§r§e!",
    "garden.dicer.pumpkin.uncommon": "§a§lUNCOMMON DROP! §r§eDicer dropped §r§a(\\d+)x §r§aEnchanted Pumpkin§r§e!",
    "garden.farming.contest.bracketbronze": "§c§lBRONZE §7\\(§bTop \\d{1,2}%§7\\): §6(?\u003camount\u003e.*)",
    "garden.farming.contest.bracketdiamond": "§b§lDIAMOND §7\\(§bTop \\d{1,2}%§7\\): §6(?\u003camount\u003e.*)",
    "garden.farming.contest.bracketgold": "§6§lGOLD §7\\(§bTop \\d{1,2}%§7\\): §6(?\u003camount\u003e.*)",
    "garden.farming.contest.bracketplatinum": "§3§lPLATINUM §7\\(§bTop \\d{1,2}%§7\\): §6(?\u003camount\u003e.*)",
    "garden.farming.contest.bracketsilver": "§f§lSILVER §7\\(§bTop \\d{1,2}%§7\\): §6(?\u003camount\u003e.*)",
    "garden.farming.contest.crop": "§8(?\u003ccrop\u003e.*) Contest",
    "garden.farming.contest.sidebarcrop": "\\s*(?:§e○|§6☘) §f(?\u003ccrop\u003e.*) §a.*",
    "garden.farming.contest.time": "§a(?\u003cmonth\u003e.*) (?\u003cday\u003e.*)(?:rd|st|nd|th), Year (?\u003cyear\u003e.*)",
    "garden.ff.carrolyn.complete.carrot": "CARROTS EXPORTATION COMPLETE!",
    "garden.ff.carrolyn.complete.cocoa.beans": "CHOCOLATE BARS EXPORTATION COMPLETE!",
    "garden.ff.carrolyn.complete.pumpkin": "PUMPKINS EXPORTATION COMPLETE!",
    "garden.ff.carrolyn.thx.carrot": "[NPC] Carrolyn: Thank you for the carrots.",
    "garden.ff.carrolyn.thx.cocoa.beans": "[NPC] Carrolyn: Thank you for the chocolate.",
    "garden.ff.carrolyn.thx.pumpkin": "[NPC] Carrolyn: Thank you for the pumpkins.",
    "garden.fortunedisplay.armorability": "Tiered Bonus: .* [(](?\u003cpieces\u003e.*)/4[)]",
    "garden.fortunedisplay.armorabilityfortune": "§7.*§7Grants §6(?\u003cbonus\u003e.*)☘.*",
    "garden.fortunedisplay.collection": "§7You have §6\\+(?\u003cff\u003e\\d{1,3})☘ .*",
    "garden.fortunedisplay.lotusability": "§7Piece Bonus: §6+(?\u003cbonus\u003e.*)☘",
    "garden.fortunedisplay.tablist.cropspecific": " (?\u003ccrop\u003eWheat|Carrot|Potato|Pumpkin|Sugar Cane|Melon|Cactus|Cocoa Beans|Mushroom|Nether Wart) Fortune: §r§6☘(?\u003cfortune\u003e\\d+)",
    "garden.fortunedisplay.tablist.universal": " Farming Fortune: §r§6☘(?\u003cfortune\u003e\\d+)",
    "garden.fortunedisplay.tooltip.new": "^§7Farming Fortune: §a\\+(?\u003cdisplay\u003e[\\d.]+)(?: §2\\(\\+\\d\\))?(?: §9\\(\\+(?\u003creforge\u003e\\d+)\\))?(?: §d\\(\\+(?\u003cgemstone\u003e\\d+)\\))?$",
    "garden.fortuneguide.capture.anitabuff": "You tiered up the Extra Farming Drops upgrade to [+](?\u003clevel\u003e.*)%!",
    "garden.fortuneguide.capture.anitamenu": "§7You have: §6\\+(?\u003clevel\u003e.*)☘ Farming Fortune",
    "garden.fortuneguide.capture.cake": "(?:Big )?Yum! You (?:gain|refresh) [+]5☘ Farming Fortune for 48 hours!",
    "garden.fortuneguide.capture.farminglevel": "SKILL LEVEL UP Farming .*➜(?\u003clevel\u003e.*)",
    "garden.fortuneguide.capture.fortuneupgrade": "You claimed the Garden Farming Fortune (?\u003clevel\u003e.*) upgrade!",
    "garden.fortuneguide.capture.lotusupgrade": "Lotus (?\u003cpiece\u003e.*) upgraded to [+].*☘!",
    "garden.fortuneguide.capture.petlevelup": "Your (?\u003cpet\u003e.*) leveled up to level .*!",
    "garden.fortuneguide.capture.strength": " Strength: §r§c❁(?\u003cstrength\u003e.*)",
    "garden.fortuneguide.capture.uniquevisitors.tier": "§7Progress to Tier (?\u003cnextTier\u003e\\w+):.*",
    "garden.fortuneguide.capture.uniquevisitors.tierprogress": ".* §e(?\u003chaving\u003e.*)§6/(?\u003ctotal\u003e.*)",
    "garden.inventory.anita.extrafortune.realamount": "§5§o§aJacob\u0027s Ticket §8x(?\u003crealAmount\u003e.*)",
    "garden.inventory.logbook.accepted": "§7Offers Accepted: §a(?\u003ctimesAccepted\u003e[0-9,.]+)",
    "garden.inventory.logbook.page.current": "§ePage (?\u003cpage\u003e\\d)",
    "garden.inventory.logbook.visited": "§7Times Visited: §a(?\u003ctimesVisited\u003e[0-9,.]+)",
    "garden.inventory.numbers.upgradetier": "§7Current Tier: §[ea](?\u003ctier\u003e.*)§7/§a.*",
    "garden.inventory.skymart.copper": "§c(?\u003camount\u003e.*) Copper",
    "garden.jacob.contests.inventory.medal": "§7§7You placed in the (?\u003cmedal\u003e.*) §7bracket!",
    "garden.level.chat.increase": " {4}§r§8\\+§r§2(?\u003cexp\u003e.*) §r§7Garden Experience",
    "garden.level.inventory.levelprogress": "§7Progress to Level (?\u003ccurrentLevel\u003e[^:]*).*",
    "garden.level.inventory.max": "§5§o§7§8Max level reached!",
    "garden.level.inventory.name": "Garden (?:Desk|Level (?\u003ccurrentLevel\u003e.*))",
    "garden.level.inventory.nextxp": ".* §e(?\u003cnextLevelExp\u003e.*)§6/.*",
    "garden.level.inventory.overflow": ".*§r §6(?\u003coverflow\u003e.*)",
    "garden.nextcontest.crop": "§(e○|6☘) §7(?\u003ccrop\u003e.*)",
    "garden.nextcontest.day": "§aDay (?\u003cday\u003e.*)",
    "garden.nextcontest.month": "(?\u003cmonth\u003e(?:\\w+ )?(?:Summer|Spring|Winter|Autumn)), Year (?\u003cyear\u003e\\d+)",
    "garden.pests.spawn.multiple": "§6§l.*! §6(?\u003camount\u003e\\d) Pests §7have spawned in §aPlot §7- §b(?\u003cplot\u003e.*)§7!",
    "garden.pests.spawn.multiplebarn": "§6§l.*! §6(?\u003camount\u003e\\d) Pests §7have spawned in §a(?\u003cplot\u003eThe Barn)§7!",
    "garden.pests.spawn.offline": "§6§l.*! §7While you were offline, §6Pests §7spawned in §aPlots (?\u003cplots\u003e.*)!",
    "garden.pests.spawn.one": "§6§l.*! §7A §6Pest §7has appeared in §aPlot §7- §b(?\u003cplot\u003e.*)§7!",
    "garden.pests.spawn.onebarn": "§6§l.*! §7A §6Pest §7has appeared in §a(?\u003cplot\u003eThe Barn)§7!",
    "garden.pests.tracker.raredrop": "§6§l(?:RARE|PET) DROP! (?:§r)?(?\u003citem\u003e.+) §6\\(§6\\+.*☘\\)",
    "garden.pestsapi.chat.nopests": "§cThere are not any Pests on your Garden right now! Keep farming!",
    "garden.pestsapi.chat.pestdeath": "§eYou received §a(?\u003camount\u003e[0-9]*)x (?\u003citem\u003e.*) §efor killing an? §6(?\u003cpest\u003e.*)§e!",
    "garden.pestsapi.inventory": "§4§lൠ §cThis plot has §6(?\u003camount\u003e\\d) Pests?§c!",
    "garden.pestsapi.scoreboard.nopests": " §7⏣ §a(?:The Garden|Plot §7- §b.+)$",
    "garden.pestsapi.scoreboard.pests": " §7⏣ §[ac]The Garden §4§lൠ§7 x(?\u003cpests\u003e.*)",
    "garden.pestsapi.scoreboard.plot.nopests": "\\s*(?:§.)*Plot (?:§.)*- (?:§.)*(?\u003cplot\u003e.{1,3})$",
    "garden.pestsapi.scoreboard.plot.pests": "\\s*(?:§.)*Plot (?:§.)*- (?:§.)*(?\u003cplot\u003e.+) (?:§.)*ൠ(?:§.)* x(?\u003cpests\u003e\\d+)",
    "garden.pestsapi.tablist.infectedplots": "\\sPlots: (?\u003cplots\u003e.*)",
    "garden.plot.barnname": "§.(?\u003cname\u003eThe Barn)",
    "garden.plot.chat.clean": "§aPlot §r§7- §r§b(?\u003cplot\u003e.*) §r§ais now clean!",
    "garden.plot.chat.unlock": "§aUnlocked Garden §r§aPlot §r§7- §r§b(?\u003cplot\u003e.*)§r§a!",
    "garden.plot.name": "§.Plot §7- §b(?\u003cname\u003e.*)",
    "garden.plot.spray.cleared.portablewasher": "§9§lSPLASH! §r§6Your §r§bGarden §r§6was cleared of all active §r§aSprayonator §r§6effects!",
    "garden.plot.spray.target": "§a§lSPRAYONATOR! §r§7You sprayed §r§aPlot §r§7- §r§b(?\u003cplot\u003e.*) §r§7with §r§a(?\u003cspray\u003e.*)§r§7!",
    "garden.plot.uncleaned": "§7Cleanup: .* (?:§.)*Completed",
    "garden.spray.material": "§a§lSPRAYONATOR! §r§7Your selected material is now §r§a(?\u003cspray\u003e.*)§r§7!",
    "garden.vinyl.select": "§aYou are now playing §r§e(?\u003ctype\u003e.*)§r§a!",
    "garden.vinyl.unselect": "§aYou are no longer playing §r§e.*§r§a!",
    "garden.visitor.api.visitor.count": "§b§lVisitors: §r§f\\((?\u003cinfo\u003e.*)\\)",
    "garden.visitor.api.visitor.name": " (?:§.)+(?\u003cname\u003e§.[^§]+).*",
    "garden.visitor.compact.disregardrewardname": "^(Copper|Farming XP|Farming Experience|Garden Experience|Bits)$",
    "garden.visitor.compact.fullyaccepted": "§6§lOFFER ACCEPTED §8with (?\u003ccolor\u003e§.)?(?\u003cname\u003e.*) §8\\((?\u003crarity\u003e.*)\\)",
    "garden.visitor.compact.rewardstext": "^ {2}§a§lREWARDS",
    "garden.visitor.compact.visitorreward": "^ {4}(?:(?:§.)+\\+)?(?:(?\u003camountcolor\u003e§.)(?\u003camount\u003e[\\d,]+(?:\\.?(?:\\d)?k)?)x? )?(?:(?\u003crewardcolor\u003e(?:§.)+)?(?\u003creward\u003e.*?))(?: (?:(?:§.)?)?x(?\u003caltamount\u003e\\d+))?$",
    "garden.visitor.copper": " §8\\+§c(?\u003camount\u003e.*) Copper",
    "garden.visitor.droptracker.accept": "OFFER ACCEPTED with (?\u003cvisitor\u003e.*) [(](?\u003crarity\u003e.*)[)]",
    "garden.visitor.droptracker.bits": "[+](?\u003camount\u003e.*) Bits",
    "garden.visitor.droptracker.copper": "[+](?\u003camount\u003e.*) Copper",
    "garden.visitor.droptracker.farmingexp": "[+](?\u003camount\u003e.*) Farming XP",
    "garden.visitor.droptracker.gardenexp": "[+](?\u003camount\u003e.*) Garden Experience",
    "garden.visitor.droptracker.powder.gemstone": "[+](?\u003camount\u003e.*) Gemstone Powder",
    "garden.visitor.droptracker.powder.mithril": "[+](?\u003camount\u003e.*) Mithril Powder",
    "garden.visitor.gardenexperience": " §8\\+§2(?\u003camount\u003e.*) §7Garden Experience",
    "garden.visitor.offersaccepted": "§7Offers Accepted: §a(?\u003coffersAccepted\u003e\\d+)",
    "garden.visitor.partialaccepted": "§aYou gave some of the required items!",
    "garden.visitor.timer.time.new": " Next Visitor: §r(?\u003cinfo\u003e.*)",
    "garden.visitor.visitorarrive": ".* §r§ehas arrived on your §r§bGarden§r§e!",
    "garden.visitor.visitorchat": "§e\\[NPC] (?\u003ccolor\u003e§.)?(?\u003cname\u003e.*)§f: §r.*",
    "garden.warpcommand.tpplot": "/tp (?\u003cplot\u003e.*)",
    "gfs.chat.from": "§aMoved §r§e(?\u003camount\u003e\\d+) (?\u003citem\u003e.+)§r§a from your Sacks to your inventory.",
    "gfs.chat.missing": "§cYou have no (?\u003citem\u003e.+) in your Sacks!",
    "gui.beaconpower.deactivated": "§7Beacon Deactivated §8- §cNo Power Remaining",
    "gui.beaconpower.nostat": "TODO",
    "gui.beaconpower.stat": "§7Current Stat: (?\u003cstat\u003e.+)",
    "gui.beaconpower.time": "§7Power Remaining: §e(?\u003ctime\u003e.+)",
    "harp.inventory": "Harp.*",
    "harp.menu": "Melody.*",
    "harp.song.selected": "§aSong is selected!",
    "inventory.auctionhouse.title.search": "Auctions: \"(?\u003csearchTerm\u003e.*)\"?",
    "inventory.dojo.rankdisplay.name": "(?\u003ccolor\u003e§\\w)Test of (?\u003cname\u003e.*)",
    "inventory.dojo.rankdisplay.rank": "(?:§\\w)+Your Rank: (?\u003crank\u003e§\\w.) §8\\((?\u003cscore\u003e\\d+)\\)",
    "inventory.gemstone.heart": "§7Gemstone Powder: §a§.(?\u003cpowder\u003e[\\d,]+)",
    "inventory.gemstone.reset": "\\s+§8- §.(?\u003cpowder\u003e[\\d,]+) Gemstone Powder",
    "inventory.glacite.heart": "§7Glacite Powder: §a§.(?\u003cpowder\u003e[\\d,]+)",
    "inventory.glacite.reset": "\\s+§8- §.(?\u003cpowder\u003e[\\d,]+) Glacite Powder",
    "inventory.hidenotclickable.seeds": "SEEDS|CARROT_ITEM|POTATO_ITEM|PUMPKIN_SEEDS|SUGAR_CANE|MELON_SEEDS|CACTUS|INK_SACK-3",
    "inventory.item.overlay.bingogoalrank": "(§.)*You were the (§.)*(?\u003crank\u003e[\\w]+)(?\u003cordinal\u003e(st|nd|rd|th)) (§.)*to",
    "inventory.item.overlay.dungeonpotion": "Dungeon (?\u003clevel\u003e.*) Potion",
    "inventory.item.overlay.glacitepowder": "Glacite Powder x(?\u003camount\u003e.*)",
    "inventory.item.overlay.harvest": "§7§7You may harvest §6(?\u003camount\u003e.).*",
    "inventory.item.overlay.masterskull": "(.*)Master Skull - Tier .",
    "inventory.item.overlay.vacuum": "§7Vacuum Bag: §6(?\u003camount\u003e\\d*) Pests?",
    "inventory.itemstars.stars": "(.*)§.✪(.*)",
    "inventory.masks.timers.bonzo": "Your .*Bonzo\u0027s Mask saved your life!",
    "inventory.masks.timers.spirit": "Second Wind Activated! Your Spirit Mask saved your life!",
    "inventory.maxpurse.createinstant": "§aBuy Instantly",
    "inventory.maxpurse.createorder": "§aCreate Buy Order",
    "inventory.maxpurse.instant": ".*Price per unit: §6(?\u003ccoins\u003e[\\d.,]+) coins.*",
    "inventory.maxpurse.order": ".*§6(?\u003ccoins\u003e[\\d.,]+) coins §7each.*",
    "inventory.mithril.heart": "§7Mithril Powder: §a§.(?\u003cpowder\u003e[\\d,]+)",
    "inventory.mithril.reset": "\\s+§8- §.(?\u003cpowder\u003e[\\d,]+) Mithril Powder",
    "inventory.npc.sell.lore": "§7them to this Shop!|§eClick to buyback!",
    "inventory.recipe.title": ".* Recipe",
    "inventory.statstuning.points": "§7Stat has: §e(?\u003camount\u003e\\d+) points?",
    "inventory.supercrafting.craft.new": "§eYou Supercrafted §r§r§r§.(?\u003citem\u003e[^§]+)(?:§r§8x(?\u003camount\u003e[\\d,]+))?§r§e!",
    "inventory.wardrobe.equippedslot": "§7Slot \\d+: §aEquipped",
    "inventory.wardrobe.inventory.name": "Wardrobe \\((?\u003ccurrentPage\u003e\\d+)/\\d+\\)",
    "item.abilities.cooldown.alignedother": "§eYou aligned §r§a.* §r§eother player(s)?!",
    "item.abilities.cooldown.buffedyourself": "§aYou buffed yourself for §r§c\\+\\d+❁ Strength",
    "mayorapi.calendar.gui": "Calendar and Events",
    "mayorapi.election.over": "§eThe election room is now closed\\. Clerk Seraphine is doing a final count of the votes\\.\\.\\.",
    "mayorapi.foxy.extraevent": "Schedules an extra §.(?\u003cevent\u003e.*) §.event during the year\\.",
    "mayorapi.jerry.head": "§dMayor Jerry",
    "mayorapi.perkpocalypse": "§9Perkpocalypse Perks:",
    "mineshaft.corpse.coords": "x: (?\u003cx\u003e-?\\d+), y: (?\u003cy\u003e-?\\d+), z: (?\u003cz\u003e-?\\d+)(?:.+)?",
    "mining.commission.inventory": "Commissions",
    "mining.commissions.complete": "§a§l(?\u003cname\u003e.*) §r§eCommission Complete! Visit the King §r§eto claim your rewards!",
    "mining.commisson.collector": "§9(?\u003cwhat\u003e\\w+(?: \\w+)?) Collector",
    "mining.commisson.collector.invalid": "Glacite|Scrap",
    "mining.commisson.completed": "§a§lCOMPLETED",
    "mining.commisson.reward.glacite": "§7- §b[\\d,]+ Glacite Powder",
    "mining.eventtracker.bossbar.active": "§e§lEVENT (?\u003cevent\u003e.+) §e§lACTIVE IN (?\u003carea\u003e.+) §e§lfor §a§l(?\u003ctime\u003e\\S+)§r",
    "mining.eventtracker.bossbar.passive": "§e§lPASSIVE EVENT (?\u003cevent\u003e.+) §e§lRUNNING FOR §a§l(?\u003ctime\u003e\\S+)§r",
    "mining.eventtracker.ended": "(?:§.)*\\s+(?:§.)+§l(?\u003cevent\u003e.+) ENDED!",
    "mining.eventtracker.started": "(?:§.)*\\s+(?:§.)+§l(?\u003cevent\u003e.+) STARTED!",
    "mining.fossil.excavator.chat.empty": "§cYou didn\u0027t find anything. Maybe next time!",
    "mining.fossil.excavator.chat.end": "§a§l▬{64}",
    "mining.fossil.excavator.chat.item": " {4}§r(?\u003citem\u003e.+)",
    "mining.fossil.excavator.chat.start": " {2}§r§6§lEXCAVATION COMPLETE ",
    "mining.fossilexcavator.chargesremaining": "Chisel Charges Remaining: (?\u003ccharges\u003e\\d+)",
    "mining.fossilexcavator.fossilprogress": "Fossil Excavation Progress: (?\u003cprogress\u003e[\\d.]+%)",
    "mining.hotm.inventory": "Heart of the Mountain",
    "mining.hotm.inventory.heart": "§5Heart of the Mountain",
    "mining.hotm.inventory.heart.token": "§7Token of the Mountain: §5(?\u003ctoken\u003e\\d+)",
    "mining.hotm.inventory.reset": "§cReset Heart of the Mountain",
    "mining.hotm.inventory.reset.token": "\\s+§8- §5(?\u003ctoken\u003e\\d+) Token of the Mountain",
    "mining.hotm.mayhem": "§b§lMAYHEM! §r§7(?\u003cperk\u003e.*)",
    "mining.hotm.mayhem.chat.ability.cooldown": "Your Pickaxe Ability cooldown was reduced §r§7from your §r§aMineshaft Mayhem §r§7perk!",
    "mining.hotm.mayhem.chat.cold.resistance": "You received a §r§a§r§b❄ Cold Resistance §r§7buff from your §r§aMineshaft Mayhem §r§7perk!",
    "mining.hotm.mayhem.chat.mining.fortune": "You received a §r§a§r§6☘ Mining Fortune §r§7buff from your §r§aMineshaft Mayhem §r§7perk!",
    "mining.hotm.mayhem.chat.mining.speed": "You received a §r§a§r§6⸕ Mining Speed §r§7buff from your §r§aMineshaft Mayhem §r§7perk!",
    "mining.hotm.mayhem.chat.scrap.chance": "Your §r§9Suspicious Scrap §r§7chance was buffed by your §r§aMineshaft Mayhem §r§7perk!",
    "mining.hotm.perk.disabled": "§c§lDISABLED|§7§eClick to select!",
    "mining.hotm.perk.enable": "§a§lENABLED|(§.)*SELECTED",
    "mining.hotm.perk.level": "§(?\u003ccolor\u003e.)Level (?\u003clevel\u003e\\d+).*",
    "mining.hotm.perk.name.crystallized": "§.Crystallized",
    "mining.hotm.perk.name.dailygrind": "§.Daily Grind",
    "mining.hotm.perk.name.dailypowder": "§.Daily Powder",
    "mining.hotm.perk.name.deadmanschest": "§.Dead Man\u0027s Chest",
    "mining.hotm.perk.name.dustcollector": "§.Dust Collector",
    "mining.hotm.perk.name.eageradventurer": "§.Eager Adventurer",
    "mining.hotm.perk.name.efficientminer": "§.Efficient Miner",
    "mining.hotm.perk.name.excavator": "§.Excavator",
    "mining.hotm.perk.name.fortunate": "§.Fortunate",
    "mining.hotm.perk.name.frontloaded": "§.Front Loaded",
    "mining.hotm.perk.name.frozensolid": "§.Frozen Solid",
    "mining.hotm.perk.name.gemstoneinfusion": "§.Gemstone Infusion",
    "mining.hotm.perk.name.giftsfromthedeparted": "§.Gifts from the Departed",
    "mining.hotm.perk.name.goblinkiller": "§.Goblin Killer",
    "mining.hotm.perk.name.greatexplorer": "§.Great Explorer",
    "mining.hotm.perk.name.hazardousminer": "§.Hazardous Miner",
    "mining.hotm.perk.name.keeneye": "§.Keen Eye",
    "mining.hotm.perk.name.lonesomeminer": "§.Lonesome Miner",
    "mining.hotm.perk.name.luckofthecave": "§.Luck of the Cave",
    "mining.hotm.perk.name.maniacminer": "§.Maniac Miner",
    "mining.hotm.perk.name.mineshaftmayhem": "§.Mineshaft Mayhem",
    "mining.hotm.perk.name.miningfortune": "§.Mining Fortune",
    "mining.hotm.perk.name.miningfortuneii": "§.Mining Fortune II",
    "mining.hotm.perk.name.miningmadness": "§.Mining Madness",
    "mining.hotm.perk.name.miningspeed": "§.Mining Speed",
    "mining.hotm.perk.name.miningspeedboost": "§.Mining Speed Boost",
    "mining.hotm.perk.name.miningspeedii": "§.Mining Speed II",
    "mining.hotm.perk.name.mole": "§.Mole",
    "mining.hotm.perk.name.nostoneunturned": "§.No Stone Unturned",
    "mining.hotm.perk.name.orbiter": "§.Orbiter",
    "mining.hotm.perk.name.peakofthemountain": "§.Peak of the Mountain",
    "mining.hotm.perk.name.pickobulus": "§.Pickobulus",
    "mining.hotm.perk.name.powderbuff": "§.Powder Buff",
    "mining.hotm.perk.name.precisionmining": "§.Precision Mining",
    "mining.hotm.perk.name.professional": "§.Professional",
    "mining.hotm.perk.name.quickforge": "§.Quick Forge",
    "mining.hotm.perk.name.ragstoriches": "§.Rags to Riches",
    "mining.hotm.perk.name.seasonedmineman": "§.Seasoned Mineman",
    "mining.hotm.perk.name.skymall": "§.Sky Mall",
    "mining.hotm.perk.name.starpowder": "§.Star Powder",
    "mining.hotm.perk.name.strongarm": "§.Strong Arm",
    "mining.hotm.perk.name.subzeromining": "§.SubZero Mining",
    "mining.hotm.perk.name.surveyor": "§.Surveyor",
    "mining.hotm.perk.name.titaniuminsanium": "§.Titanium Insanium",
    "mining.hotm.perk.name.veinseeker": "§.Vein Seeker",
    "mining.hotm.perk.name.warmhearted": "§.Warm Hearted",
    "mining.hotm.perk.notunlocked": "(§.)*Requires.*|.*Mountain!|(§.)*Click to unlock!|",
    "mining.hotm.reset.chat": "§aReset your §r§5Heart of the Mountain§r§a! Your Perks and Abilities have been reset.",
    "mining.hotm.skymall": "(?:§eNew buff§r§r§r: §r§f|§8 ■ §7)(?\u003cperk\u003e.*)",
    "mining.hotm.skymall.chat.ability.cooldown": "Reduce Pickaxe Ability cooldown by §r§a20%§r§f\\.",
    "mining.hotm.skymall.chat.extra.powder": "Gain §r§a\\+15% §r§fmore Powder while mining\\.",
    "mining.hotm.skymall.chat.goblin.chance": "§r§a10x §r§fchance to find Golden and Diamond Goblins\\.",
    "mining.hotm.skymall.chat.mining.fortune": "Gain §r§a\\+50 §r§6☘ Mining Fortune§r§f\\.",
    "mining.hotm.skymall.chat.mining.speed": "Gain §r§a\\+100 §r§6⸕ Mining Speed§r§f\\.",
    "mining.hotm.skymall.chat.titanium": "Gain §r§a5x §r§9Titanium §r§fdrops",
    "mining.hotm.skymall.current": "§aYour Current Effect",
    "mining.hotm.skymall.item.ability.cooldown": "Reduce Pickaxe Ability cooldown by",
    "mining.hotm.skymall.item.extra.powder": "Gain §a\\+15% §7more Powder while mining\\.",
    "mining.hotm.skymall.item.goblin.chance": "§a10x §7chance to find Golden and",
    "mining.hotm.skymall.item.mining.fortune": "Gain §a\\+50 §6☘ Mining Fortune§7\\.",
    "mining.hotm.skymall.item.mining.speed": "Gain §a\\+100 §6⸕ Mining Speed§7\\.",
    "mining.hotm.skymall.item.titanium": "Gain §a5x §9Titanium §7drops\\.",
    "mining.kingtalisman.king": "§6§lKing (?\u003cname\u003e.*)",
    "mining.mineshaft.chat.end": "§a§l▬{64}",
    "mining.mineshaft.chat.item": " {4}§r(?\u003citem\u003e.+)",
    "mining.mineshaft.chat.start": " {2}§r§b§l§r§(?\u003ccolor\u003e.)§l(?\u003cname\u003e.*) §r§b§lCORPSE LOOT! ?",
    "mining.mob.golden.goblin": "Golden Goblin|Diamond Goblin",
    "mining.notifications.goblin.diamondspawn": "§6A §r§bDiamond Goblin §r§6has spawned!",
    "mining.notifications.goblin.goldspawn": "§6A Golden Goblin has spawned!",
    "mining.notifications.mineshaft.spawn": "§5§lWOW! §r§aYou found a §r§bGlacite Mineshaft §r§aportal!",
    "mining.notifications.scrapdrop": "§6§lEXCAVATOR! §r§fYou found a §r§9Suspicious Scrap§r§f!",
    "mining.powder.tracker.picked": "§6You have successfully picked the lock on this chest!",
    "mining.powder.tracker.powder.bossbar": "§e§lPASSIVE EVENT §b§l2X POWDER §e§lRUNNING FOR §a§l(?\u003ctime\u003e.*)§r",
    "mining.powder.tracker.powder.ended": ".*§r§b§l2X POWDER ENDED!.*",
    "mining.powder.tracker.powder.started": ".*§r§b§l2X POWDER STARTED!.*",
    "mining.powder.tracker.reward.ascensionrope": "§aYou received §r§f(?\u003camount\u003e.*) §r§9Ascension Rope§r§a.",
    "mining.powder.tracker.reward.bluegoblinegg": "§aYou received §r§f(?\u003camount\u003e.*) §r§9§r§3Blue Goblin Egg§r§a.",
    "mining.powder.tracker.reward.controlswitch": "§aYou received §r§f(?\u003camount\u003e.*) §r§9Control Switch§r§a.",
    "mining.powder.tracker.reward.diamondessence": "§aYou received §r§b[+](?\u003camount\u003e.*) Diamond Essence§r§a.",
    "mining.powder.tracker.reward.electrontransimtter": "§aYou received §r§f(?\u003camount\u003e.*) §r§9Electron Transmitter§r§a.",
    "mining.powder.tracker.reward.fineambergemstone": "§aYou received §r§f(?\u003camount\u003e.*) §r§9⸕ Fine Amber Gemstone§r§a.",
    "mining.powder.tracker.reward.fineamethystgemstone": "§aYou received §r§f(?\u003camount\u003e.*) §r§9❈ Fine Amethyst Gemstone§r§a.",
    "mining.powder.tracker.reward.finejadegemstone": "§aYou received §r§f(?\u003camount\u003e.*) §r§9☘ Fine Jade Gemstone§r§a.",
    "mining.powder.tracker.reward.finerubygemstone": "§aYou received §r§f(?\u003camount\u003e.*) §r§9❤ Fine Ruby Gemstone§r§a.",
    "mining.powder.tracker.reward.finesapphiregemstone": "§aYou received §r§f(?\u003camount\u003e.*) §r§9✎ Fine Sapphire Gemstone§r§a.",
    "mining.powder.tracker.reward.finetopazgemstone": "§aYou received §r§f(?\u003camount\u003e.*) §r§9✧ Fine Topaz Gemstone§r§a.",
    "mining.powder.tracker.reward.flawedambergemstone": "§aYou received §r§f(?\u003camount\u003e.*) §r§a⸕ Flawed Amber Gemstone§r§a.",
    "mining.powder.tracker.reward.flawedamethystgemstone": "§aYou received §r§f(?\u003camount\u003e.*) §r§a❈ Flawed Amethyst Gemstone§r§a.",
    "mining.powder.tracker.reward.flawedjadegemstone": "§aYou received §r§f(?\u003camount\u003e.*) §r§a☘ Flawed Jade Gemstone§r§a.",
    "mining.powder.tracker.reward.flawedrubygemstone": "§aYou received §r§f(?\u003camount\u003e.*) §r§a❤ Flawed Ruby Gemstone§r§a.",
    "mining.powder.tracker.reward.flawedsapphiregemstone": "§aYou received §r§f(?\u003camount\u003e.*) §r§a✎ Flawed Sapphire Gemstone§r§a.",
    "mining.powder.tracker.reward.flawedtopazgemstone": "§aYou received §r§f(?\u003camount\u003e.*) §r§a✧ Flawed Topaz Gemstone§r§a.",
    "mining.powder.tracker.reward.flawlessambergemstone": "§aYou received §r§f(?\u003camount\u003e.*) §r§9⸕ Flawless Amber Gemstone§r§a.",
    "mining.powder.tracker.reward.flawlessamethystgemstone": "§aYou received §r§f(?\u003camount\u003e.*) §r§9❈ Flawless Amethyst Gemstone§r§a.",
    "mining.powder.tracker.reward.flawlessjadegemstone": "§aYou received §r§f(?\u003camount\u003e.*) §r§9☘ §r§5Flawless Jade Gemstone§r§a.",
    "mining.powder.tracker.reward.flawlessrubygemstone": "§aYou received §r§f(?\u003camount\u003e.*) §r§9❤ Flawless Ruby Gemstone§r§a.",
    "mining.powder.tracker.reward.flawlesssapphiregemstone": "§aYou received §r§f(?\u003camount\u003e.*) §r§9✎ Flawless Sapphire Gemstone§r§a.",
    "mining.powder.tracker.reward.flawlesstopazgemstone": "§aYou received §r§f(?\u003camount\u003e.*) §r§9✧ Flawless Topaz Gemstone§r§a.",
    "mining.powder.tracker.reward.ftx3070": "§aYou received §r§f(?\u003camount\u003e.*) §r§9FTX 3070§r§a.",
    "mining.powder.tracker.reward.gemstonepowder": "§aYou received §r§b[+](?\u003camount\u003e.*) §r§aGemstone Powder.",
    "mining.powder.tracker.reward.goblinegg": "§aYou received §r§f(?\u003camount\u003e.*) §r§9Goblin Egg§r§a.",
    "mining.powder.tracker.reward.goldessence": "§aYou received §r§6[+](?\u003camount\u003e.*) Gold Essence§r§a.",
    "mining.powder.tracker.reward.greengoblinegg": "§aYou received §r§f(?\u003camount\u003e.*) §r§a§r§aGreen Goblin Egg§r§a.",
    "mining.powder.tracker.reward.jungleheart": "§aYou received §r§f(?\u003camount\u003e.*) §r§6Jungle Heart§r§a.",
    "mining.powder.tracker.reward.mithrilpowder": "§aYou received §r§b[+](?\u003camount\u003e.*) §r§aMithril Powder.",
    "mining.powder.tracker.reward.oilbarrel": "§aYou received §r§f(?\u003camount\u003e.*) §r§aOil Barrel§r§a.",
    "mining.powder.tracker.reward.pickonimbus2000": "§aYou received §r§f(?\u003camount\u003e.*) §r§5Pickonimbus 2000§r§a.",
    "mining.powder.tracker.reward.prehistoricegg": "§aYou received §r§f(?\u003camount\u003e.*) §r§fPrehistoric Egg§r§a.",
    "mining.powder.tracker.reward.redgoblinegg": "§aYou received §r§f(?\u003camount\u003e.*) §r§9§r§cRed Goblin Egg§r§a.",
    "mining.powder.tracker.reward.robotronreflector": "§aYou received §r§f(?\u003camount\u003e.*) §r§9Robotron Reflector§r§a.",
    "mining.powder.tracker.reward.roughambergemstone": "§aYou received §r§f(?\u003camount\u003e.*) §r§f⸕ Rough Amber Gemstone§r§a.",
    "mining.powder.tracker.reward.roughamethystgemstone": "§aYou received §r§f(?\u003camount\u003e.*) §r§f❈ Rough Amethyst Gemstone§r§a.",
    "mining.powder.tracker.reward.roughjadegemstone": "§aYou received §r§f(?\u003camount\u003e.*) §r§f☘ Rough Jade Gemstone§r§a.",
    "mining.powder.tracker.reward.roughrubygemstone": "§aYou received §r§f(?\u003camount\u003e.*) §r§f❤ Rough Ruby Gemstone§r§a.",
    "mining.powder.tracker.reward.roughsapphiregemstone": "§aYou received §r§f(?\u003camount\u003e.*) §r§f✎ Rough Sapphire Gemstone§r§a.",
    "mining.powder.tracker.reward.roughtopazgemstone": "§aYou received §r§f(?\u003camount\u003e.*) §r§f✧ Rough Topaz Gemstone§r§a.",
    "mining.powder.tracker.reward.sludgejuice": "§aYou received §r§f(?\u003camount\u003e.*) §r§aSludge Juice§r§a.",
    "mining.powder.tracker.reward.superlitemotor": "§aYou received §r§f(?\u003camount\u003e.*) §r§9Superlite Motor§r§a.",
    "mining.powder.tracker.reward.syntheticheart": "§aYou received §r§f(?\u003camount\u003e.*) §r§9Synthetic Heart§r§a.",
    "mining.powder.tracker.reward.treasurite": "§aYou received §r§f(?\u003camount\u003e.*) §r§5Treasurite§r§a.",
    "mining.powder.tracker.reward.wishingcompass": "§aYou received §r§f(?\u003camount\u003e.*) §r§aWishing Compass§r§a.",
    "mining.powder.tracker.reward.yellowgoblinegg": "§aYou received §r§f(?\u003camount\u003e.*) §r§9§r§eYellow Goblin Egg§r§a.",
    "mining.powder.tracker.reward.yoggie": "§aYou received §r§f(?\u003camount\u003e.*) §r§aYoggie§r§a.",
    "mining.powder.tracker.uncovered": "§aYou uncovered a treasure chest!",
    "mining.tunnels.maps.gem.new": ".*(?:Aquamarine|Onyx|Citrine|Peridot).*",
    "mining.tunnels.maps.gem.old": ".*(?:Ruby|Amethyst|Jade|Sapphire|Amber|Topaz).*",
    "minion.chat.coin": "§aYou received §r§6(.*) coins§r§a!",
    "minion.chat.upgrade": "§aYou have upgraded your Minion to Tier (?\u003ctier\u003e.*)",
    "minion.infernominiontitle": "Inferno Minion .*",
    "minion.item.collect": "^§aCollect All$",
    "minion.title": "Minion [^➜]",
    "misc.chocolatefactory.barn.amount": "§7Your Barn: §.(?\u003crabbits\u003e\\d+)§7/§.(?\u003cmax\u003e\\d+) Rabbits",
    "misc.chocolatefactory.chocolate.alltime": "§7All-time Chocolate: §6(?\u003camount\u003e[\\d,]+)",
    "misc.chocolatefactory.chocolate.amount": "(?\u003camount\u003e[\\d,]+) Chocolate",
    "misc.chocolatefactory.chocolate.forprestige": "§7§cRequires (?\u003camount\u003e\\w+) Chocolate this.*",
    "misc.chocolatefactory.chocolate.multiplier": "§7Total Multiplier: §6(?\u003camount\u003e[\\d.]+)x",
    "misc.chocolatefactory.chocolate.persecond": "§6(?\u003camount\u003e[\\d.,]+) §8per second",
    "misc.chocolatefactory.chocolate.thisprestige": "§7Chocolate this Prestige: §6(?\u003camount\u003e[\\d,]+)",
    "misc.chocolatefactory.collection.duplicates.found": "§7Duplicates Found: §a(?\u003cduplicates\u003e[\\d,]+)",
    "misc.chocolatefactory.collection.page.current": "\\((?\u003cpage\u003e\\d+)/(?\u003cmaxPage\u003e\\d+)\\) Hoppity\u0027s Collection",
    "misc.chocolatefactory.collection.rabbit.notfound": "(?:§.)+You (?:have not found this rabbit yet!|cannot find this rabbit until you)",
    "misc.chocolatefactory.collection.rabbit.requirement.location": "Find 15 unique egg locations in (the )?(?\u003clocation\u003e.*)\\..*",
    "misc.chocolatefactory.collection.rabbit.requirement.met": "§a✔ §7Requirement",
    "misc.chocolatefactory.collection.rabbit.requirement.notmet": "§c✖ §7Requirement.*",
    "misc.chocolatefactory.collection.rabbit.requirement.notmet.amount": "§c✖ §7Requirement §e(?\u003cacquired\u003e[\\d,]+)§7/§a(?\u003crequired\u003e[\\d,]+)",
    "misc.chocolatefactory.collection.rabbits.found": "§.§l§m[ §a-z]+§r §.(?\u003ccurrent\u003e[0-9]+)§./§.(?\u003ctotal\u003e[0-9]+)",
    "misc.chocolatefactory.egg.alreadycollected": "§cYou have already collected this Chocolate (?\u003cmeal\u003e\\w+) Egg§r§c! Try again when it respawns!",
    "misc.chocolatefactory.egg.found": "§d§lHOPPITY\u0027S HUNT §r§dYou found a §r§.Chocolate (?\u003cmeal\u003e\\w+) Egg §r§d(?\u003cnote\u003e.*)§r§d!",
    "misc.chocolatefactory.egg.noneleft": "§cThere are no hidden Chocolate Rabbit Eggs nearby! Try again later!",
    "misc.chocolatefactory.egg.notevent": "§cThis only works during Hoppity\u0027s Hunt!",
    "misc.chocolatefactory.egg.shared": ".*\\[SkyHanni] (?\u003cmeal\u003e\\w+) Chocolate Egg located at x: (?\u003cx\u003e-?\\d+), y: (?\u003cy\u003e-?\\d+), z: (?\u003cz\u003e-?\\d+)(?: \\((?\u003cnote\u003e.*)\\))?",
    "misc.chocolatefactory.egg.spawned": "§d§lHOPPITY\u0027S HUNT §r§dA §r§.Chocolate (?\u003cmeal\u003e\\w+) Egg §r§dhas appeared!",
    "misc.chocolatefactory.inventory.name": "Hoppity|Chocolate Factory Milestones",
    "misc.chocolatefactory.leaderboard.percentile": "§7§8You are in the top §.(?\u003cpercent\u003e[\\d.]+)%§8 of players!",
    "misc.chocolatefactory.leaderboard.place": "(?:§.)+You are §8#§b(?\u003cposition\u003e[\\d,]+)(?: §7in all-time)?(?: Chocolate\\.)?",
    "misc.chocolatefactory.other.upgrade": "Rabbit Shrine|Coach Jackrabbit",
    "misc.chocolatefactory.prestige.level": "§6Chocolate Factory (?\u003cprestige\u003e[IVX]+)",
    "misc.chocolatefactory.rabbit.amount": "Rabbit \\S+ - \\[(?\u003camount\u003e\\d+)].*",
    "misc.chocolatefactory.rabbit.clickme": "§e§lCLICK ME!",
    "misc.chocolatefactory.rabbit.clickme.golden": "§6§lGolden Rabbit §8- §a(?\u003cname\u003e.*)",
    "misc.chocolatefactory.rabbit.crushed": "§c§lBARN FULL! §f\\D+ §7got §ccrushed§7! §6\\+(?\u003camount\u003e[\\d,]+) Chocolate",
    "misc.chocolatefactory.rabbit.duplicate": "§7§lDUPLICATE RABBIT! §6\\+(?\u003camount\u003e[\\d,]+) Chocolate",
    "misc.chocolatefactory.rabbit.found": "§D§LHOPPITY\u0027S HUNT §7You found (?\u003cname\u003e.*) §7\\((?\u003crarity\u003e.*)§7\\)!",
    "misc.chocolatefactory.rabbit.found.new": "§d§lNEW RABBIT! (§6\\+(?\u003cchocolate\u003e.*) Chocolate §7and )?§6\\+(?\u003cperSecond\u003e.*)x Chocolate §7per second!",
    "misc.chocolatefactory.rabbit.new": "§d§lNEW RABBIT! §6\\+\\d+ Chocolate §7and §6\\+0.\\d+x Chocolate §7per second!",
    "misc.chocolatefactory.rabbit.stray": "(?:§.)+(?:You )?(?:gained )?§6\\+(?\u003camount\u003e[\\d,]+) Chocolate§7!",
    "misc.chocolatefactory.rabbit.unemployed": "Rabbit \\w+ - Unemployed",
    "misc.chocolatefactory.shop.bought": "§aYou bought §r§.(?\u003citem\u003e[\\w ]+)§r(?:§8 x(?\u003camount\u003e\\d+)§r)?§a!",
    "misc.chocolatefactory.shop.spent": "§7Chocolate Spent: §6(?\u003camount\u003e[\\d,]+)",
    "misc.chocolatefactory.shop.title": "Chocolate Shop",
    "misc.chocolatefactory.timetower.amount": "§7Charges: §.(?\u003cuses\u003e\\d+)§7/§a(?\u003cmax\u003e\\d+)",
    "misc.chocolatefactory.timetower.recharge": "§7Next Charge: §a(?\u003cduration\u003e\\w+)",
    "misc.chocolatefactory.timetower.status": "§7Status: §.§l(?\u003cstatus\u003eINACTIVE|ACTIVE)(?: §f)?(?\u003cacitveTime\u003e\\w*)",
    "misc.chocolatefactory.unclaimedrewards": "§7§aYou have \\d+ unclaimed rewards?!",
    "misc.chocolatefactory.upgradetier": ".*\\s(?\u003ctier\u003e[IVXLC]+)",
    "misc.compacttablist.advanced.level": ".*\\[(?\u003clevel\u003e.*)] §r(?\u003cname\u003e.*)",
    "misc.compacttablist.cookie": "Cookie Buff(?:§.)*(?:\\n(§.)*§7.+)*",
    "misc.compacttablist.dungeonbuff": "Dungeon Buffs(?:§.)*(?:\\n(§.)*§7.+)*",
    "misc.compacttablist.effects.active": "Active Effects(?:§.)*(?:\\n(?:§.)*§7.+)*",
    "misc.compacttablist.effects.count": "You have (?:§.)*(?\u003ceffectCount\u003e[0-9]+) (?:§.)*active effect",
    "misc.compacttablist.effects.godpot": "§r§r§7You have a §r§cGod Potion §r§7active! §r§d(?\u003ctimer\u003e[\\w ]+)§r",
    "misc.compacttablist.upgrades": "(?\u003cfirstPart\u003e§e[A-Za-z ]+)(?\u003csecondPart\u003e §f[\\w ]+)",
    "misc.compacttablist.username": "^\\[(?\u003csblevel\u003e\\d+)] (?:\\[\\w+] )?(?\u003cusername\u003e\\w+)",
    "misc.compacttablist.winterpowerups": "Active Power Ups(?:§.)*(?:\\n(§.)*§7.+)*",
    "misc.currentpet.chat.despawn": "§aYou despawned your §r.*§r§a!",
    "misc.currentpet.chat.rule": "§cAutopet §eequipped your §7\\[Lvl .*] (?\u003cpet\u003e.*)! §a§lVIEW RULE",
    "misc.currentpet.chat.spawn": "§aYou summoned your §r(?\u003cpet\u003e.*)§r§a!",
    "misc.currentpet.inventory.selected": "§7§7Selected pet: (?\u003cpet\u003e.*)",
    "misc.ingametime.date": ".*((Early|Late) )?(Winter|Spring|Summer|Autumn) [0-9]{1,2}(nd|rd|th|st)?.*",
    "misc.ingametime.symbols": "([☀☽࿇])",
    "misc.items.enchantparsing.enchants": "(?\u003cenchant\u003e[A-Za-z][A-Za-z -]+) (?\u003clevelNumeral\u003e[IVXLCDM]+)(?\u003cstacking\u003e, |$| \\d{1,3}(,\\d{3})*)",
    "misc.items.enchantparsing.grayenchants": "^(Respiration|Aqua Affinity|Depth Strider|Efficiency).*",
    "misc.limbo.tooltip.hours": "§5§o§b([\\d.,]+) hours.+$",
    "misc.limbo.tooltip.minutes": "§5§o§a([\\d.,]+) minutes.+$",
    "misc.nongodpot.effects": "§7You have §e(?\u003cname\u003e\\d+) §7non-god effects\\.",
    "misc.patchercoords.coords": "(?\u003cplayerName\u003e.*): [xX]: (?\u003cx\u003e[0-9.-]+),? [yY]: (?\u003cy\u003e[0-9.-]+),? [zZ]: (?\u003cz\u003e.*)",
    "misc.pet.item.name": "(?:§.)*\\[Lvl (?\u003clevel\u003e\\d+)] (?\u003cname\u003e.*)",
    "misc.pet.item.name.neu.format": "(§f§f)?§7\\[Lvl 1➡(100|200)] (?\u003cname\u003e.*)",
    "misc.pet.menu.title": "Pets(?: \\(\\d+/\\d+\\) )?",
    "misc.restore.wizard.portal.earned": "§7Earned by:.*",
    "misc.teleportpad.name": "§.✦ §aWarp To (?\u003cname\u003e.*)",
    "misc.teleportpad.noname": "§.✦ §cNo Destination",
    "misc.teleportpad.number": "§.(?\u003cnumber\u003e.*) teleport pad",
    "misc.trevor.above": "The target is around (?\u003cheight\u003e.*) blocks above, at a (?\u003cangle\u003e.*) degrees angle!",
    "misc.trevor.area.trappersden": "Trapper\u0027s Den",
    "misc.trevor.at": "You are at the exact height!",
    "misc.trevor.below": "The target is around (?\u003cheight\u003e.*) blocks below, at a (?\u003cangle\u003e.*) degrees angle!",
    "misc.trevor.clickoption": "Click an option: §r§a§l\\[YES]§r§7 - §r§c§l\\[NO]",
    "misc.trevor.kill": "§aKilling the animal rewarded you §r§5(?\u003cpelts\u003e.*) pelts§r§a.",
    "misc.trevor.mob.died": "§aReturn to the Trapper soon to get a new animal to hunt!",
    "misc.trevor.outoftime": "You ran out of time and the animal disappeared!",
    "misc.trevor.selfkill": "§aYour mob died randomly, you are rewarded §r§5(?\u003cpelts\u003e.*) pelts§r§a.",
    "misc.trevor.start.dialogue": "[NPC] Trevor: You will have 10 minutes to find the mob from when you accept the task.",
    "misc.trevor.trapper": "\\[NPC] Trevor: You can find your (?\u003crarity\u003e.*) animal near the (?\u003clocation\u003e.*).",
    "misc.trevor.zone": "Location: (?\u003czone\u003e.*)",
    "mob.detection.displaynpc.name": "[a-z0-9]{10}",
    "mob.detection.filter.basic": "(?:\\[\\w+(?\u003clevel\u003e\\d+)\\] )?(?\u003ccorrupted\u003e.Corrupted )?(?\u003cname\u003e[^ᛤ]*)(?: ᛤ)? [\\dBMk.,❤]+",
    "mob.detection.filter.boss": "^. (?:\\[Lv(?\u003clevel\u003e\\d+)\\] )?(?\u003cname\u003e[^ᛤ\n]*?)(?: ᛤ)?(?: [\\d\\/BMk.,❤]+| █+)? .$",
    "mob.detection.filter.dojo": "^(?:(?\u003cpoints\u003e\\d+) pts|(?\u003cempty\u003e\\w+))$",
    "mob.detection.filter.dungeon": "^(?:(?\u003cstar\u003e✯)\\s)?(?:(?\u003cattribute\u003eFlaming|Stormy|Speedy|Fortified|Healthy|Healing|Boomer|Golden|Stealth)\\s)?(?:\\[[\\w\\d]+\\]\\s)?(?\u003cname\u003e[^ᛤ]+)(?: ᛤ)?\\s[^\\s]+$",
    "mob.detection.filter.slayer": "^. (?\u003cname\u003e.*) (?\u003ctier\u003e[IV]+) \\d+.*",
    "mob.detection.filter.summon": "^(?\u003cowner\u003e\\w+)\u0027s (?\u003cname\u003e.*) \\d+.*",
    "mob.detection.jerry": "(?:\\[\\w+(?\u003clevel\u003e\\d+)\\] )?(?\u003cowner\u003e\\w+)\u0027s (?\u003cname\u003e\\w+ Jerry) \\d+ Hits",
    "mob.detection.pattern.dungeon.woke.golem": "(?:§c§lWoke|§5§lSleeping) Golem§r",
    "mob.detection.pattern.jerry.magma.cube": "§c(?:Cubie|Maggie|Cubert|Cübe|Cubette|Magmalene|Lucky 7|8ball|Mega Cube|Super Cube)(?: ᛤ)? §a\\d+§8\\/§a\\d+§c❤",
    "mob.detection.pattern.petcare": "^\\[\\w+ (?\u003clevel\u003e\\d+)\\] (?\u003cname\u003e.*)",
    "mob.detection.pattern.summon.owner": ".*Spawned by: (?\u003cname\u003e.*).*",
    "pet.chatdrop.pet.oringopattern": "(?\u003cstart\u003e§e\\[NPC] Oringo§f: §b✆ §f§r§8• )§(?\u003crarityColor\u003e.)(?\u003cpetName\u003e[^§(.]+)(?\u003cend\u003e Pet)",
    "pet.chatdrop.pet.petclaimedmessage": "(?\u003cstart\u003e(?:§.)*You claimed a )(?:§.)*§(?\u003crarityColor\u003e.)(?\u003cpetName\u003e[^§(.]+)(?\u003cend\u003e.*You can manage your Pets.*)",
    "pet.chatdrop.pet.petdroppedmessage": "(?\u003cstart\u003e(?:§.)*PET DROP! )(?:§.)*§(?\u003crarityColor\u003e.)(?\u003cpetName\u003e[^§(.]+)(?\u003cend\u003e .*)",
    "pet.chatdrop.pet.petfishedmessage": "(?\u003cstart\u003e(?:§.)*GREAT CATCH! (?:§.)*You found a (?:§.)*\\[Lvl 1] )(?:§.)*§(?\u003crarityColor\u003e.)(?\u003cpetName\u003e[^§(.]+)(?\u003cend\u003e.*)",
    "pet.chatdrop.pet.petobtainedmessage": "(?\u003cstart\u003e.*has obtained (?:§.)*\\[Lvl 1] )(?:§.)*§(?\u003crarityColor\u003e.)(?\u003cpetName\u003e[^§(.]+)(?\u003cend\u003e.*)",
    "relay.chat.1st": "§e[NPC] §dTia the Fairy§f: §b✆ §f§r§fThe first relay is on a branch of the large tree on the north-east of the fairy pond.",
    "relay.chat.2nd": "§e[NPC] §dTia the Fairy§f: §b✆ §f§r§fThe next relay is in the castle ruins!",
    "relay.chat.3rd": "§e[NPC] §dTia the Fairy§f: §b✆ §f§r§fThe next relay is in the §bRoyal Palace §rwithin the Dwarven Mines.",
    "relay.chat.4th": "§e[NPC] §dTia the Fairy§f: §b✆ §f§r§fThe next relay is on the highest spike of §dThe End§r.",
    "relay.chat.5th": "§e[NPC] §dTia the Fairy§f: §b✆ §f§r§fThe next relay was placed by our consultant, Odger.",
    "relay.chat.6th": "§e[NPC] §dTia the Fairy§f: §b✆ §f§r§fScarleton itself has one of the most robust connection to the 9f™ Network.",
    "relay.chat.7th": "§e[NPC] §dTia the Fairy§f: §b✆ §f§r§fThe next relay is on top of the shack next to the shady inn right here close to the pond.",
    "relay.chat.8th": "§e[NPC] §dTia the Fairy§f: §b✆ §f§r§fThe next relay is on top of a statue in the dungeon hub.",
    "relay.chat.9th": "§e[NPC] §dTia the Fairy§f: §b✆ §f§r§fThe next relay is on top of the Auction House.",
    "rift.area.stillgore.effegies.heart": "Effigies: (?\u003chearts\u003e((§[7c])?⧯)*)",
    "rift.area.stillgore.effegies.respawn": "§eRespawn §c(?\u003ctime\u003e.*) §7\\(or click!\\)",
    "rift.area.westvillage.kloon.colour": "You\u0027ve set the color of this terminal to (?\u003ccolour\u003e.*)!",
    "rift.area.westvillage.vermintracker.bagline": "§fVacuum Bag: §\\w(?\u003ccount\u003e\\d+) (?\u003cvermin\u003e\\w+)",
    "rift.area.westvillage.vermintracker.binline": "§fVermin Bin: §\\w(?\u003ccount\u003e\\d+) (?\u003cvermin\u003e\\w+)",
    "rift.area.westvillage.vermintracker.fly": ".*§eYou vacuumed a §.*Fly.*",
    "rift.area.westvillage.vermintracker.silverfish": ".*§eYou vacuumed a §.*Silverfish.*",
    "rift.area.westvillage.vermintracker.spider": ".*§eYou vacuumed a §.*Spider.*",
    "rift.everywhere.burger": ".*(?:§\\w)+You have (?:§\\w)+(?\u003camount\u003e\\d) Grubber Stacks.*",
    "rift.everywhere.crux.progress": ".*(?\u003ctier\u003e§[0-9a-z][IV1-4-]+)\\s+(?\u003cname\u003e§[0-9a-z]\\w+)§[0-9a-z]:\\s*(?\u003cprogress\u003e§[0-9a-z](?:§[0-9a-z])?MAXED|§[0-9a-z]\\d+§[0-9a-z]/§[0-9a-z]\\d+).*",
    "rift.everywhere.motesorb": "§5§lORB! §r§dPicked up §r§5+.* Motes§r§d.*",
    "rift.everywhere.timer": "§(?\u003ccolor\u003e[a7])(?\u003ctime\u003e.*)ф Left.*",
    "skyblockguide.highlight.abiphone.inventory": "Miscellaneous ➜ Abiphone Contac",
    "skyblockguide.highlight.bank.inventory": "Core ➜ Bank Upgrades",
    "skyblockguide.highlight.belt.inventory": "Miscellaneous ➜ The Dojo",
    "skyblockguide.highlight.collections.condition": "§7Progress to .*|§7Find this item to add it to your|§7Kill this boss once to view collection|§7(?:Boss )?Collections (?:Unlocked|Maxed Out): §e.*",
    "skyblockguide.highlight.collections.inventory": "\\w+ Collections|Collections",
    "skyblockguide.highlight.condition.category": "§7Progress to Complete Category: §6\\d{1,2}(?:\\.\\d)?%",
    "skyblockguide.highlight.condition.once": "§7§eThis task can only be completed once!",
    "skyblockguide.highlight.condition.total": "§7Total Progress: §3\\d{1,2}(?:\\.\\d)?%",
    "skyblockguide.highlight.condition.x": "§c ?✖.*",
    "skyblockguide.highlight.consumable.condition": "§7§eThis task can be completed \\d+ times!",
    "skyblockguide.highlight.consumable.inventory": "Miscellaneous ➜ Consumable Items",
    "skyblockguide.highlight.dungeon.floor.condition": "§7§eThis task can only be completed once!|§7§7You have not unlocked the content",
    "skyblockguide.highlight.dungeon.floor.inventory": "Complete Dungeons ➜.*",
    "skyblockguide.highlight.dungeon.layers.inventory": "Dungeon ➜ Complete Dungeons",
    "skyblockguide.highlight.essence.inventory": "Essence Shop ➜.*",
    "skyblockguide.highlight.harp.inventory": "Miscellaneous ➜ Harp Songs",
    "skyblockguide.highlight.jacob.inventory": "Event ➜ Jacob\u0027s Farming Contest",
    "skyblockguide.highlight.level.guide.inventory": ".*Guide ➜.*",
    "skyblockguide.highlight.minion.condition": "§c ?✖.*|§7You haven\u0027t crafted this minion.",
    "skyblockguide.highlight.minion.inventory": "Crafted Minions",
    "skyblockguide.highlight.pet.dolphin.inventory": "Fishing ➜ Dolphin Milestones",
    "skyblockguide.highlight.pet.rock.inventory": "Mining ➜ Rock Milestones",
    "skyblockguide.highlight.slaying.inventory": "Slaying ➜ .*",
    "skyblockguide.highlight.spooky.inventory": "Event ➜ Spooky Festival",
    "skyblockguide.highlight.story.inventory": "Story ➜ Complete Objectives",
    "skyblockguide.highlight.string.isselectoption": "§eSelect an option: .*",
    "skyblockguide.highlight.tasks.inventory": "Tasks ➜ .*",
    "skyblockguide.highlight.tasks.skill.inventory": "Skill Related Tasks",
    "skyblockguide.highlight.travel.inventory": "Core ➜ Fast Travels Unlocked",
    "slayer.autoslayer.bank.chat": "§7Took (?\u003ccoins\u003e.+) coins from your bank for auto-slayer\\.\\.\\.",
    "slayer.blaze.dagger.attunement": "§cStrike using the §r(.+) §r§cattunement on your dagger!",
    "slayer.blaze.firepillar.entityname": "§6§l(?\u003cseconds\u003e.*)s §c§l8 hits",
    "slayer.bosswarning.progress": " \\(?(?\u003cprogress\u003e[0-9.,k]+)/(?\u003ctotal\u003e[0-9.,k]+)\\)?.*",
    "slayer.rngmeter.book.format": "§aEnchanted Book \\((?\u003cname\u003e.*)§a\\)",
    "slayer.rngmeter.changeditem": "§aYou set your §r.* RNG Meter §r§ato drop §r.*§a!",
    "slayer.rngmeter.inventoryname": "(?\u003cname\u003e.*) RNG Meter",
    "slayer.rngmeter.inventoryname.slayer": "Slayer",
    "slayer.rngmeter.update": " {3}§dRNG Meter §f- §d(?\u003cexp\u003e.*) Stored XP",
    "stranded.highlightplacement.location": "§7Location: §f\\[§e\\d+§f, §e\\d+§f, §e\\d+§f]",
    "string.isroman": "^M{0,3}(CM|CD|D?C{0,3})(XC|XL|L?X{0,3})(IX|IV|V?I{0,3})",
    "summoning.mobs.despawn": "§cYou have despawned your (monster|monsters)!",
    "summoning.mobs.health": "§a§o(.+)\u0027s (.+)§r §[ae]([\\dkm]+)§c❤",
    "summoning.mobs.seraphrecall": "§cThe Seraph recalled your (\\d+) summoned allies!",
    "summoning.mobs.spawn": "§aYou have spawned your (.+) §r§asoul! §r§d\\((\\d+) Mana\\)",
    "tab.widget.enum.active.effects": "\\s*(?:§.)*Active Effects: (?:§.)*\\((?\u003camount\u003e\\d+)\\)",
    "tab.widget.enum.area": "\\s*(?:§.)*(Area|Dungeon): (?:§.)*(?\u003cisland\u003e.*)",
    "tab.widget.enum.bank": "\\s*Bank: (?:§.)*(?\u003camount\u003e[^§]+)(?:(?:§.)* \\/ (?:§.)*(?\u003cpersonal\u003e.*))?",
    "tab.widget.enum.bestiary": "\\s*(?:§.)*Bestiary:",
    "tab.widget.enum.broodmother": "\\s*Broodmother: (?:§.)*(?\u003ctime\u003e.*)",
    "tab.widget.enum.collection": "\\s*(?:§.)*Collection:",
    "tab.widget.enum.commissions": "\\s*(?:§.)*Commissions:",
    "tab.widget.enum.composter": "\\s*(?:§.)*Composter:",
    "tab.widget.enum.coop": "\\s*(?:§.)*Coop (?:§.)*.*",
    "tab.widget.enum.copper": "\\s*Copper: (?:§.)*(?\u003camount\u003e\\d+)",
    "tab.widget.enum.crop.milestone": "\\s*(?:§.)*Crop Milestones:",
    "tab.widget.enum.crystal": "\\s*(?:§.)*Crystals:",
    "tab.widget.enum.daily.quests": "\\s*(?:§.)*Daily Quests:",
    "tab.widget.enum.dragon": "\\s*(?:§.)*Dragon: (?:§.)*\\((?\u003ctype\u003e[^)])\\)",
    "tab.widget.enum.dungeon.account.info.line": "\\s*(?:§.)*Account Info",
    "tab.widget.enum.dungeon.hub.progress": "\\s*(?:§.)*Dungeons:",
    "tab.widget.enum.dungeon.party": "\\s*(?:§.)*Party (?:§.)*\\(\\d+\\)",
    "tab.widget.enum.dungeon.player.stats": "\\s*(?:§.)*Player Stats",
    "tab.widget.enum.dungeon.puzzle": "\\s*(?:§.)*Puzzles: (?:§.)*\\((?\u003camount\u003e\\d+)\\)",
    "tab.widget.enum.dungeon.skills.and.stats": "\\s*(?:§.)*Skills: (?:§.)*\\w+ \\d+: (?:§.)*[\\d.]+%",
    "tab.widget.enum.dungeon.stats": "\\s*Opened Rooms: (?:§.)*(?\u003copend\u003e\\d+)",
    "tab.widget.enum.dungeon.stats.line": "\\s*(?:§.)*Dungeon Stats",
    "tab.widget.enum.election": "\\s*(?:§.)*Election: (?:§.)*(?\u003ctime\u003e.*)",
    "tab.widget.enum.essence": "\\s*(?:§.)*Essence:.*",
    "tab.widget.enum.event": "\\s*(?:§.)*Event: (?:§.)*(?\u003cevent\u003e.*)",
    "tab.widget.enum.eyes.placed": "\\s*Eyes placed: (?:§.)*(?\u003camount\u003e\\d).*|(?:§.)*Dragon spawned!|(?:§.)*Egg respawning!",
    "tab.widget.enum.faction.quests": "\\s*(?:§.)*Faction Quests:",
    "tab.widget.enum.fairy.souls": "\\s*Fairy Souls: (?:§.)*(?\u003cgot\u003e\\d+)(?:§.)*\\/(?:§.)*(?\u003cmax\u003e\\d+)",
    "tab.widget.enum.fire.sale": "\\s*(?:§.)*Fire Sales: .*",
    "tab.widget.enum.forge": "\\s*(?:§.)*Forges:",
    "tab.widget.enum.frozen.corpses": "\\s*§b§lFrozen Corpses:",
    "tab.widget.enum.garden.level": "\\s*Garden Level: (?:§.)*(?\u003clevel\u003e.*)",
    "tab.widget.enum.gems": "\\s*Gems: (?:§.)*(?\u003cgems\u003e.*)",
    "tab.widget.enum.guests": "\\s*(?:§.)*Guests (?:§.)*.*",
    "tab.widget.enum.info": "\\s*(?:§.)*Info",
    "tab.widget.enum.interest": "\\s*Interest: (?:§.)*(?\u003ctime\u003e[^§]+)(?:§.)* \\((?\u003camount\u003e[^)]+)\\)",
    "tab.widget.enum.jacob.contest": "\\s*(?:§.)*Jacob\u0027s Contest:.*",
    "tab.widget.enum.jerry.island.closing": "\\s*Island closes in: (?:§.)*(?\u003ctime\u003e.*)",
    "tab.widget.enum.minion": "\\s*(?:§.)*Minions: (?:§.)*(?\u003cused\u003e\\d+)(?:§.)*/(?:§.)*(?\u003cmax\u003e\\d+)",
    "tab.widget.enum.north.stars": "\\s*North Stars: (?:§.)*(?\u003camount\u003e\\d+)",
    "tab.widget.enum.old.pet.sitter": "\\s*Pet Sitter:.*",
    "tab.widget.enum.party": "\\s*(?:§.)*Party:.*",
    "tab.widget.enum.pests": "\\s*(?:§.)*Pests:",
    "tab.widget.enum.pet": "\\s*(?:§.)*Pet:",
    "tab.widget.enum.pet.sitter": "\\s*Kat: .*",
    "tab.widget.enum.pet.traning": "\\s*(?:§.)*Pet Training:",
    "tab.widget.enum.player.list": "\\s*(?:§.)*Players (?:§.)*\\(\\d+\\)",
    "tab.widget.enum.powder": "\\s*(?:§.)*Powders:",
    "tab.widget.enum.private.island.crystals": "\\s*Crystals: (?:§.)*(?\u003ccount\u003e\\d+)",
    "tab.widget.enum.profile": "\\s*(?:§.)*Profile: (?:§.)*(?\u003cprofile\u003e\\S+).*",
    "tab.widget.enum.protector": "\\s*Protector: (?:§.)*(?\u003ctime\u003e.*)",
    "tab.widget.enum.rain": "\\s*(?\u003ctype\u003eThunder|Rain): (?:§.)*(?\u003ctime\u003e.*)",
    "tab.widget.enum.reputation": "\\s*(?:§.)*(Barbarian|Mage) Reputation:",
    "tab.widget.enum.rift.barry": "\\s*(?:§.)*Advertisement:",
    "tab.widget.enum.rift.info": "\\s*(?:§.)*Good to know:",
    "tab.widget.enum.rift.shen": "\\s*(?:§.)*Shen: (?:§.)*\\((?\u003ctime\u003e[^)])\\)",
    "tab.widget.enum.sb.level": "\\s*SB Level(?:§.)*: (?:§.)*\\[(?:§.)*(?\u003clevel\u003e\\d+)(?:§.)*\\] (?:§.)*(?\u003cxp\u003e\\d+).*",
    "tab.widget.enum.server": "\\s*Server: (?:§.)*(?\u003cserverid\u003e.*)",
    "tab.widget.enum.skills": "\\s*(?:§.)*Skills: ?(?:§.)*(?\u003cavg\u003e[\\d.]*)",
    "tab.widget.enum.slayer": "\\s*(?:§.)*Slayer:",
    "tab.widget.enum.soulflow": "\\s*Soulflow: (?:§.)*(?\u003camount\u003e.*)",
    "tab.widget.enum.stats": "\\s*(?:§.)*Stats:",
    "tab.widget.enum.timers": "\\s*(?:§.)*Timers:",
    "tab.widget.enum.trapper": "\\s*(?:§.)*Trapper:",
    "tab.widget.enum.trophy.fish": "\\s*(?:§.)*Trophy Fish:",
    "tab.widget.enum.unclaimed.chests": "\\s*Unclaimed chests: (?:§.)*(?\u003camount\u003e\\d+)",
    "tab.widget.enum.visitors": "\\s*(?:§.)*Visitors: (?:§.)*\\((?\u003ccount\u003e\\d+)\\)",
    "tab.widget.enum.volcano": "\\s*Volcano: (?:§.)*(?\u003ctime\u003e.*)",
    "tab.widget.setting.click.disable": ".*(disable!)",
    "tab.widget.setting.gui": "(Widgets in.*|Widgets on.*)",
    "tab.widget.setting.is.enabled": ".*ENABLED",
    "tab.widget.setting.main": "§7Currently:.*",
    "tab.widget.setting.show": "Shown .* Setting.*|.*Widget Settings",
    "tab.widget.setting.sub": "§eClick to .*",
    "tablist.firesaletitle": "§.§lFire Sales: §r§f\\([0-9]+\\)",
    "test.bestiary.type": "\\[Lv(?\u003clvl\u003e.*)] (?\u003ctext\u003e.*)",
    "test.dev.copyrng.dungeon": "§7Dungeon Score: §d.*§5/§d(?\u003cxp\u003e.*)",
    "test.dev.copyrng.slayer": "§7Slayer XP: §d.*§5/§d(?\u003cxp\u003e.*)",
    "utils.inventory.shopoptions": "Shop Trading Options",
    "utils.item.amount.behind": "(?\u003cname\u003e(?:§.)*(?:[^§] ?)+)(?:§8x(?\u003camount\u003e[\\d,]+))?",
    "utils.item.amount.front": "(?: +§8(?:\\+§.)?(?\u003camount\u003e[\\d.,]+[km]?)x? )?(?\u003cname\u003e.*)",
    "utils.item.cost.line": "(?:§5§o)?§7Cost.*",
    "utils.item.lore.rarity.line": "^(?:§.){2,3}(?:.§. (?:§.){4})?(?:SHINY )?(?\u003crarity\u003eCOMMON|UNCOMMON|RARE|EPIC|LEGENDARY|MYTHIC|DIVINE|SUPREME|SPECIAL|VERY SPECIAL|ULTIMATE) ?(?:DUNGEON )?(?\u003citemCategory\u003e[^§]*)(?: (?:§.){3}.)?$",
    "utils.item.name.abiphone": ".{2}Abiphone .*",
    "utils.item.name.bait": "^(Obfuscated.*|.* Bait)$",
    "utils.item.name.enchanted.book": "(?:§.)+Enchanted Book",
    "utils.item.name.potion": ".*Potion",
    "utils.item.neuitems.enchantmentname": "^(?\u003cformat\u003e(?:§.)*)(?\u003cname\u003e[^§]+) (?\u003clevel\u003e[IVXL]+)(?: Book)?$",
    "utils.item.sack": ".*Sack",
    "utils.skyblocktime.season": "(?:Early |Late )?(?\u003cseason\u003eSpring|Summer|Autumn|Winter)",
    "utils.string.chatusername": "^(?:§\\w\\[§\\w\\d+§\\w] )?(?:(?:§\\w)+\\S )?(?\u003crankedName\u003e(?:§\\w\\[\\w.+] )?(?:§\\w)?(?\u003cusername\u003e\\w+))(?: (?:§\\w)?\\[.+?])?",
    "utils.string.playerchat": "(?\u003cimportant\u003e.*?)(?:§[f7r])*: .*",
    "utils.tablist.profile": "(?:§.)+Profile: §r§a(?\u003cprofile\u003e[\\w\\s]+[^ §]).*",
    "utils.time.amount": "(?:(?\u003cy\u003e\\d+) ?y(?:\\w* ?)?)?(?:(?\u003cd\u003e\\d+) ?d(?:\\w* ?)?)?(?:(?\u003ch\u003e\\d+) ?h(?:\\w* ?)?)?(?:(?\u003cm\u003e\\d+) ?m(?:\\w* ?)?)?(?:(?\u003cs\u003e\\d+) ?s(?:\\w* ?)?)?"
  }
}