{
  "itemid": "minecraft:ghast_tear",
  "displayname": "§aBigger Teeth",
  "nbttag": "{ench:[],HideFlags:254,display:{Lore:[0:\"§8Consumed on use\",1:\"\",2:\"§7§7Pet items can boost pets in various\",3:\"§7ways but pets can only hold 1 item at\",4:\"§7a time so choose wisely!\",5:\"\",6:\"§7§7Grants §9+10☣ Crit Chance§7.\",7:\"\",8:\"§7§eRight-click on your summoned pet to\",9:\"§egive it this item!\",10:\"\",11:\"§a§lUNCOMMON PET ITEM\"],Name:\"§aBigger Teeth\"},ExtraAttributes:{id:\"BIGGER_TEETH\"}}",
  "damage": 0,
  "lore": [
    "§8Consumed on use",
    "",
    "§7§7Pet items can boost pets in various",
    "§7ways but pets can only hold 1 item at",
    "§7a time so choose wisely!",
    "",
    "§7§7Grants §9+10☣ Crit Chance§7.",
    "",
    "§7§eRight-click on your summoned pet to",
    "§egive it this item!",
    "",
    "§a§lUNCOMMON PET ITEM"
  ],
  "recipe": {
    "A1": "",
    "A2": "ENCHANTED_GOLD_BLOCK:6",
    "A3": "",
    "B1": "ENCHANTED_GOLD_BLOCK:6",
    "B2": "PET_ITEM_BIG_TEETH_COMMON:1",
    "B3": "ENCHANTED_GOLD_BLOCK:6",
    "C1": "",
    "C2": "ZOG_ANVIL:1",
    "C3": ""
  },
  "internalname": "BIGGER_TEETH",
  "clickcommand": "viewrecipe",
  "modver": "2.1.1-PRE",
  "crafttext": "",
  "infoType": "WIKI_URL",
  "info": [
    "https://hypixel-skyblock.fandom.com/wiki/Bigger_Teeth",
    "https://wiki.hypixel.net/Bigger_Teeth"
  ]
}