{
  "itemid": "minecraft:blaze_rod",
  "displayname": "§fBlaze Rod",
  "nbttag": "{HideFlags:254,display:{Lore:[0:\"§7§8Collection Item\",1:\"\",2:\"§f§lCOMMON\"],Name:\"§fBlaze Rod\"},ExtraAttributes:{id:\"BLAZE_ROD\"}}",
  "damage": 0,
  "lore": [
    "§7§8Collection Item",
    "",
    "§f§lCOMMON"
  ],
  "internalname": "BLAZE_ROD",
  "modver": "2.2.2",
  "vanilla": true,
  "clickcommand": "",
  "infoType": "WIKI_URL",
  "info": [
    "https://hypixel-skyblock.fandom.com/wiki/Blaze_Rod",
    "https://wiki.hypixel.net/Blaze_Rod"
  ],
  "crafttext": ""
}