{
  "bingo_tips": {
    "KABOOM! (Community Goal)": {
      "difficulty": "Medium",
      "note": [
        "Blow up crypts"
      ],
      "guide": [
        "Collect Superboom TNT from dungeons",
        "or buy some from Ophelia in The Dungeon Hub.",
        "Then use them on the crypts you run",
        "across inside a dungeon."
      ]
    },
    "Skilled (Community Goal)": {
      "difficulty": "Easy",
      "note": [
        "Gain Farming experience"
      ],
      "guide": [
        "Farm crops mainly in The Garden",
        "as they help progressing with",
        "the XP from Crop Milestones."
      ]
    },
    "Goblin Slayer (Community Goal)": {
      "difficulty": "Medium",
      "note": [
        "Kill Goblins."
      ],
      "guide": [
        "Kill the Goblins you can find in the ",
        "Dwarven Mines and Crystal Hollows.",
        "You will need Mining 12 for this."
      ]
    },
    "Operation: Ore (Community Goal)": {
      "difficulty": "Easy",
      "note": [
        "Mine ores"
      ],
      "guide": [
        "You will most likely gain passive",
        "progress in here. Use the best pickaxe",
        "you can get your hands on and mine."
      ]
    },
    "Hunter (Community Goal)": {
      "difficulty": "Easy",
      "note": [
        "Collect pelts"
      ],
      "guide": [
        "Use /warp trapper to accept a quest",
        "and use SkyHanni's Trapper features",
        "to make this easier. Bring a bow with you."
      ]
    },
    "Podium Position": {
      "difficulty": "Easy",
      "note": [
        "Obtain a Bronze Medal in a Farming Contest"
      ],
      "guide": [
        "You need Farming Level 10 for this.",
        "Your best options will most likely be",
        "potato contests as you need a lot of",
        "potatoes for a different goal or mushroom",
        "contests with a silk touch gold axe."
      ]
    },
    "Powder Collector": {
      "difficulty": "Medium",
      "note": [
        "50k Mithril Powder"
      ],
      "guide": [
        "Open chests in the Crystal Hollows (Heart of the Mountain III),",
        "do commissions in The Dwarven Mines,",
        "claim your daily powder from the Puzzler and",
        "from giving Fetchur the items he asks for.",
        "Fetchurs items are all listed in the Wiki.",
        "Try to do those while a '2x Powder' event is active."
      ]
    },
    "Ferocious": {
      "difficulty": "Easy",
      "note": [
        "3 Ferocity"
      ],
      "guide": [
        "Buy a Dirt Bottle (100k) from the ",
        "Smithmonger in the Hub and reforge",
        "an uncommon or higher rarity weapon with it."
      ]
    },
    "Meiser": {
      "difficulty": "Medium",
      "note": [
        "3.5m coins in the bank"
      ],
      "guide": [
        "You will most likely get this from",
        "leveling up skills.",
        "If that isnt enough, kill Endermen and",
        "mine nodes in The End to get money.",
        "Remember to actually put the money",
        "you get in the Bank :)"
      ]
    },
    "Fairy Finder": {
      "difficulty": "Easy",
      "note": [
        "25 Fairy Souls"
      ],
      "guide": [
        "Collect those you run along while doing other goals.",
        "If you have trouble check TimeDeo's fairy soul",
        " tutorial on YouTube or use /neusouls on/off",
        "to get waypoints."

      ]
    },
    "High Score!": {
      "difficulty": "Medium",
      "note": [
        "250+ Score in Floor 2"
      ],
      "guide": [
        "This requires Catacombs Level 3 and ",
        "a completion of the 2 floors before.",
        "You may need help from party finder",
        "or friends for this."
      ]
    },
    "Warrior": {
      "difficulty": "Easy",
      "note": [
        "Combat Level 10"
      ],
      "guide": [
        "You will get this passively while going",
        "for other grinds as you need Combat 15 for",
        "the dungeon task. Dont forget to claim",
        "your bestiary rewards as you unlock them."
      ]
    },
    "I Am Speed": {
      "difficulty": "Easy",
      "note": [
        "250 Speed"
      ],
      "guide": [
        "Talk to Jamie in the Hub and",
        "claim the Rogue Sword from him.",
        "Right click it to gain +100 Speed.",
        "Or just wait for a splash."
      ]
    },
    "String Collector": {
      "difficulty": "Medium",
      "note": [
        "60k String Collection"
      ],
      "guide": [
        "Kill Spiders in the Spider's Den (/warp spider)",
        "place a few Spider Minions and participate",
        "in killing Arachne in Arachne's Sanctuary.",
        "Recommended to wear a Cow Head to avoid the poison.",
        "Dont forget to fuel your minions and give them",
        "a storage. Also collect them in time."
      ]
    },
    "Emerald Treasure": {
      "difficulty": "Medium",
      "note": [
        "Open an Emerald Chest"
      ],
      "guide": [
        "You need a score of 230 or higher",
        "in Floor 1 or higher to get this.",
        "Opening will cost 100k coins."
      ]
    },
    "Rock Solid": {
      "difficulty": "Medium",
      "note": [
        "Equip an Uncommon or higher tiered Rock Pet"
      ],
      "guide": [
        "You get the Rock Pet from mining ores.",
        "The Common Rock unlocks at 2.5k broken ores,",
        "the Uncommon one at 7.5k. You can also upgrade",
        "your common rock at Kat but this will take a day."
      ]
    },
    "Cat": {
      "difficulty": "Easy",
      "note": [
        "Get the Cat Talisman"
      ],
      "guide": [
        "Obtained from completing any race with 4/4",
        "at Guildford in the Dungeon Hub."
      ]
    },
    "Fashionable": {
      "difficulty": "Medium",
      "note": [
        "12 Armor Sets"
      ],
      "guide": [
        "Craft Leather, Iron, Gold and Diamond Armor",
        "Collect Ender Armor from The End (8 pieces including equipment)",
        "Craft Leaflet, Farm Suit, Mushroom and Cactus Armor",
        "Buy Squire, Rosetta's, Celeste and Starlight Armor from Rosetta"
      ]
    },
    "Skill Average": {
      "difficulty": "Hard",
      "note": [
        "Skill Average of 14"
      ],
      "guide": [
        "To help with this, try to make bigger crafts",
        "by hand for Carpentry levels. Don't forget",
        "to do some Alchemy with Materials gathered from the Garden.",
        "Also do your daily experiments and make sure",
        "to have a pet active at all times",
        "(any pet works, even level 100)."
      ]
    },
    "Healthy": {
      "difficulty": "Easy",
      "note": [
        "500 Health"
      ],
      "guide": [
        "Wear Mushroom Armor enchanted with Growth 5",
        "during the night.",
        "Growth 5 requires Enchanting Level 5",
        "and costs 50 Experience Levels per piece."
      ]
    },
    "Potatorific": {
      "difficulty": "Medium",
      "note": [
        "Craft a Hot Potato Book"
      ],
      "guide": [
        "You will need 50k potato collection",
        "and 160 enchanted potatoes for this.",
        "You might want to utilize The Garden for this."
      ]
    },
    "Carry-On": {
      "difficulty": "Easy",
      "note": [
        "Craft a Small Backpack"
      ],
      "guide": [
        "Kill Cows in The Barn to unlock this",
        "and craft it using the materials you",
        "got along the way."
      ]
    },
    "Strange Eggs": {
      "difficulty": "Medium",
      "note": [
        "Spawn a Golden Goblin"
      ],
      "guide": [
        "Kill goblins or open loot chests in the Crystal Hollows,",
        "then just throw them until you get a Golden Goblin.",
        "Higher level eggs have higher chances of spawning, but are also rarer.",
        "You can also spawn it from mining ores in the Dwarven Mines."
      ]
    },
    "Pet Hoarder": {
      "difficulty": "Hard",
      "note": [
        "12 unique Pets"
      ],
      "guide": [
        "§lNo eggs:",
        "Bingo, Enderman, Grandma Wolf, Armadillo, Squid,",
        "Guardian, Bee, Dolphin, Reindeer, Rock, Tarantula,",
        "Owl and Zoo.",
        "§lEggs:",
        "Jerry, Silverfish, Pig, Rabbit, Endermite and Bat.",
        "If you use eggs, you will need 2.5k Raw Chicken Collection",
        "and a lot of eggs."
      ]
    },
    "Is This Safe?": {
      "difficulty": "Medium",
      "note": [
        "Consume a Mushed Glowy Tonic Potion"
      ],
      "guide": [
        "Follow Moby's quest in the desert",
        "until you unlock the shop.",
        "Then you need 8 full Chum Buckets and",
        "10 Glowing Mushrooms to buy it from Moby."
      ]
    }
  }
}
