{
  "hoppity": {
    "rarities": {
      "common": {
        "rabbits": [
          "aaron",
          "able",
          "acker",
          "alfie",
          "alice",
          "almond_amaretto",
          "alpha",
          "angus",
          "annabelle",
          "archie",
          "arnie",
          "audi",
          "augustus",
          "baby",
          "badger",
          "bagel",
          "baldwin",
          "baloo",
          "barney",
          "bartholomew",
          "basket",
          "baxter",
          "beatrice",
          "bertha",
          "bibsy",
          "billy",
          "bindi",
          "binky",
          "blake",
          "bob",
          "bramble",
          "breeze",
          "brian",
          "brie",
          "bronson",
          "brooks",
          "bruce",
          "bruno",
          "bud",
          "bugster",
          "bugsy",
          "buttercream_blossom",
          "cadet",
          "callie",
          "cave",
          "chase",
          "chester",
          "chip",
          "chomper",
          "chompsky",
          "claude",
          "cocoa_comet",
          "collin",
          "copper",
          "cottontail",
          "cricket",
          "crush",
          "cuddles",
          "cupcake",
          "delboy",
          "delilah",
          "demi",
          "digger",
          "duchess",
          "dulce_drizzle",
          "dusty",
          "ellie",
          "ember",
          "emerson",
          "espresso_eclair",
          "eta",
          "fergie",
          "fievel",
          "fluffy",
          "francine",
          "frank",
          "frankie",
          "fudge",
          "fuzzy",
          "george",
          "ginger",
          "ginny",
          "gizmo",
          "gloria",
          "gouda",
          "gracie",
          "guinness",
          "gunther",
          "hadley",
          "harley",
          "hefner",
          "heidie",
          "herbie",
          "hershey",
          "hondo",
          "hopper",
          "hubby",
          "huck",
          "hugo",
          "humphrey",
          "hunter",
          "iggy",
          "indie",
          "jade",
          "jake",
          "james",
          "jammer",
          "jasmine",
          "jazmin",
          "jeffery",
          "jerry",
          "joey",
          "jonah",
          "josephine",
          "lenny",
          "lily",
          "lone_ranger",
          "lotte",
          "louie",
          "mandy",
          "marlow",
          "maui",
          "max",
          "mickey",
          "miles",
          "milly",
          "mimi",
          "mochi",
          "molly",
          "mona",
          "moody",
          "mookie",
          "mopsy",
          "morris",
          "natalie",
          "ned",
          "nibbles",
          "niko",
          "niza",
          "nu",
          "nutmeg",
          "oletta",
          "oliver",
          "olivette",
          "olivier",
          "ollie",
          "paddy",
          "patch",
          "pebbles",
          "penny",
          "peony",
          "petunia",
          "pickles",
          "picky",
          "pinky",
          "poppy",
          "porter",
          "quentin",
          "razzie",
          "reginald",
          "remi",
          "ressie",
          "ricky",
          "riley",
          "rolf",
          "rosco",
          "ross",
          "rowdy",
          "ruben",
          "rupert",
          "ryder",
          "sassy",
          "scooter",
          "scotch",
          "scout",
          "scuba",
          "selene",
          "skippe",
          "smokey",
          "sniffles",
          "snoppy",
          "snuffy",
          "sophie",
          "sorbet",
          "spencer",
          "spot",
          "stanley",
          "stinky",
          "stuart",
          "suri",
          "tagalong",
          "tau",
          "teddy",
          "thalai",
          "theo",
          "theodore",
          "thumper",
          "ticky",
          "tobi",
          "webb",
          "william",
          "winston",
          "woody",
          "zack",
          "zea"
        ],
        "chocolate": 1,
        "multiplier": 0.002
      },
      "uncommon": {
        "rabbits": [
          "abi",
          "abigail",
          "alexa",
          "alexander",
          "alpaca",
          "amazon",
          "arachno",
          "ashes",
          "asterix",
          "average",
          "bambam",
          "bandit",
          "barcode",
          "benji",
          "beta",
          "bilbo",
          "blossom",
          "blueberry",
          "brutus",
          "bubbles",
          "buckwheat",
          "buffalo",
          "bugs",
          "bumper",
          "buster",
          "butters",
          "candi",
          "carter",
          "casper",
          "cassidy",
          "charmin",
          "chewy",
          "chilli",
          "chubby",
          "cloudy",
          "cookie",
          "cooper",
          "cotton",
          "cotton_puff",
          "cottonball",
          "dalton",
          "dandelion",
          "darla",
          "dash",
          "demarcus",
          "demetrious",
          "destiny",
          "domino",
          "eastwood",
          "ella",
          "fitch",
          "flip_flop",
          "forrest",
          "fudge_fountain",
          "gadget",
          "gee_gee",
          "ginger_glaze",
          "goofy",
          "harmony",
          "honey_hazelnut",
          "hop_a_long",
          "icing_ivy",
          "inferno",
          "irena",
          "jasmine_jello",
          "jazz",
          "jelly_bean",
          "kobi",
          "leopold",
          "lulu",
          "maybelline",
          "mediocrity",
          "milo",
          "modest",
          "morgan",
          "oakley",
          "obelix",
          "oreo",
          "otto",
          "ozwald",
          "pancake",
          "patches",
          "penelope",
          "pepsi",
          "pillsbury",
          "polka_dot",
          "porsche",
          "prestige",
          "pretzel",
          "prudent",
          "quincy",
          "raven",
          "ringo",
          "rusty",
          "sargent",
          "seinfield",
          "snoopy",
          "sprinkles",
          "squish",
          "stewart",
          "sven",
          "sweetpea",
          "sylvester",
          "theta",
          "toby",
          "trixie",
          "una",
          "upsilon",
          "void",
          "wadsworth",
          "waffle",
          "xi",
          "zombie"
        ],
        "chocolate": 2,
        "multiplier": 0.003
      },
      "rare": {
        "rabbits": [
          "aladdin",
          "aloysius",
          "barbie",
          "bishop",
          "blackberry",
          "blackjack",
          "bugatti",
          "bun_bun",
          "burst",
          "cajun",
          "caramel",
          "casanova",
          "chevy",
          "cinnamon",
          "crystal",
          "dallas",
          "draco",
          "easter",
          "elvis",
          "favor",
          "figaro",
          "fish",
          "frodo",
          "gamma",
          "gremlin",
          "honey",
          "hope",
          "hyde",
          "iota",
          "jasper",
          "jynx",
          "kiwi_kiss",
          "lavender_lemon",
          "linus",
          "maple_mirage",
          "midnight",
          "monalisa",
          "murphy",
          "neptune",
          "nougat_nebula",
          "olympe",
          "omicron",
          "onyx",
          "orange_obsidian",
          "orlando",
          "paddington",
          "peanut",
          "pepper",
          "phantom",
          "phi",
          "popcorn",
          "pride",
          "pumpkin",
          "river",
          "sage",
          "snowball",
          "spirit",
          "spooky",
          "stormy",
          "sunny",
          "tornado",
          "tricky",
          "uncle_buck",
          "vlad",
          "wesson",
          "widget",
          "willow",
          "zero"
        ],
        "chocolate": 4,
        "multiplier": 0.004
      },
      "epic": {
        "rabbits": [
          "ace",
          "achilles",
          "alpine",
          "angel",
          "calypso",
          "chi",
          "comet",
          "delta",
          "gatsby",
          "implode",
          "jedi",
          "kappa",
          "ken",
          "kiera",
          "kodo",
          "merlin",
          "necron",
          "peppermint_pearl",
          "pi",
          "prince",
          "punch",
          "quince_quark",
          "rambo",
          "raspberry_ripple",
          "saga",
          "simba",
          "strawberry_swirl",
          "thor",
          "toffee_tulip",
          "trix",
          "turbo"
        ],
        "chocolate": 10,
        "multiplier": 0.005
      },
      "legendary": {
        "rabbits": [
          "apollo",
          "april",
          "atlas",
          "echo",
          "el_dorado",
          "epsilon",
          "extra",
          "general",
          "houdini",
          "kaeman",
          "lambda",
          "magic",
          "mystic",
          "nova",
          "psi",
          "rho",
          "shadow",
          "solomon",
          "storm",
          "ube_unicorn",
          "vanilla_vortex",
          "walnut_whirl",
          "xoco_xanudu",
          "yogurt_yucca"
        ],
        "chocolate": 0,
        "multiplier": 0.02
      },
      "mythic": {
        "rabbits": [
          "dante",
          "einstein",
          "galaxy",
          "king",
          "mu",
          "napoleon",
          "omega",
          "sigma",
          "zest_zephyr",
          "zeta",
          "zorro"
        ],
        "chocolate": 0,
        "multiplier": 0.0
      },
      "divine": {
        "rabbits": [
          "aurora",
          "celestia",
          "orion",
          "starfire",
          "vega"
        ],
        "chocolate": 0,
        "multiplier": 0.025
      }
    },
    "special": {
      "dante": {
        "chocolate": 50,
        "multiplier": 0.0
      },
      "einstein": {
        "chocolate": 0,
        "multiplier": 0.0
      },
      "galaxy": {
        "chocolate": 0,
        "multiplier": 0.05
      },
      "king": {
        "chocolate": 0,
        "multiplier": 0.0
      },
      "mu": {
        "chocolate": 0,
        "multiplier": 0.0
      },
      "napoleon": {
        "chocolate": 0,
        "multiplier": 0.0
      },
      "omega": {
        "chocolate": 0,
        "multiplier": 0.0
      },
      "sigma": {
        "chocolate": 0,
        "multiplier": 0.0
      },
      "zest_zephyr": {
        "chocolate": 30,
        "multiplier": 0.03
      },
      "zeta": {
        "chocolate": 0,
        "multiplier": 0.0
      },
      "zorro": {
        "chocolate": 0,
        "multiplier": 0.0
      }
    },
    "prestigeMultipliers": {
      "1": 0.0,
      "2": 0.1,
      "3": 0.25,
      "4": 0.5,
      "5": 1.0,
      "6": 1.5
    },
    "talisman": {
      "NIBBLE_CHOCOLATE_STICK": 10,
      "SMOOTH_CHOCOLATE_BAR": 20,
      "RICH_CHOCOLATE_CHUNK": 30,
      "GANACHE_CHOCOLATE_SLAB": 40,
      "PRESTIGE_CHOCOLATE_REALM": 50
    }
  }
}